SpectrumID	#Scan#	SpectrumFile	LibraryName	MQScore	TIC_Query	RT_Query	MZErrorPPM	SharedPeaks	MassDiff	SpecMZ	SpecCharge	FileScanUniqueID	NumberHits	Compound_Name	Ion_Source	Instrument	Compound_Source	PI	Data_Collector	Adduct	Precursor_MZ	ExactMass	Charge	CAS_Number	Pubmed_ID	Smiles	INCHI	INCHI_AUX	Library_Class	IonMode	Organism	LibMZ	UpdateWorkflowName	LibraryQualityString	tags	molecular_formula	InChIKey	InChIKey-Planar	superclass	class	subclass	npclassifier_superclass	npclassifier_class	npclassifier_pathway	library_usi
CCMSLIB00013639998	46	specs_ms.mgf	WINE-DB-QTOF.mgf	0.991268	334779.0	286.458	47.4982	6	0.00788879	166.094	1	temp/specs_ms.mgf46	1	Phenylalanine_(L-)_30EV	ESI	qTof	Commercial	Axel_Marchal	TE_MLS	M+H	166.086	165.19	1	63-91-2	N/A	C([C@@H](C(O)=O)N)C1=CC=CC=C1	InChI=1S/C9H11NO2/c10-8(9(11)12)6-7-4-2-1-3-5-7/h1-5,8H,6,10H2,(H,11,12)/t8-/m0/s1	N/A	1	Positive	WINE-DB-QTOF	166.086	UPDATE-SINGLE-ANNOTATED-GOLD	Gold		C9H11NO2	COLNVLDHVKWLRT-QMMMGPOBSA-N	COLNVLDHVKWLRT	Organic acids and derivatives	Carboxylic acids and derivatives	Amino acids, peptides, and analogues	Small peptides	Aminoacids	Amino acids and Peptides|Shikimates and Phenylpropanoids	mzspec:GNPS:GNPS-LIBRARY:CCMSLIB00013639998
CCMSLIB00000427096	50	specs_ms.mgf	HMDB.mgf	0.98428	38716.4	204.883	5.78232	6	0.00105286	182.083	1	temp/specs_ms.mgf50	1	HMDB:HMDB00158-246 L-Tyrosine	Positive	Quattro_QQQ:25eV	Isolated	HMDB	HMDB	M+H	182.082	181.074	1	60-18-4	N/A	N[C@@H](CC1=CC=C(O)C=C1)C(O)=O	InChI=1S/C9H11NO3/c10-8(9(12)13)5-6-1-3-7(11)4-2-6/h1-4,8,11H,5,10H2,(H,12,13)/t8-/m0/s1	N/A	3	Positive	HMDB	182.082	UPDATE-SINGLE-ANNOTATED-BRONZE	Bronze		C9H11NO3	OUYCCCASQSFEME-QMMMGPOBSA-N	OUYCCCASQSFEME	Organic acids and derivatives	Carboxylic acids and derivatives	Amino acids, peptides, and analogues	Small peptides	Aminoacids	Amino acids and Peptides|Shikimates and Phenylpropanoids	mzspec:GNPS:GNPS-LIBRARY:CCMSLIB00000427096
CCMSLIB00000425520	51	specs_ms.mgf	HMDB.mgf	0.967165	64615.7	206.687	5.78232	6	0.00105286	182.083	1	temp/specs_ms.mgf51	1	HMDB:HMDB00158-247 L-Tyrosine	Positive	Quattro_QQQ:40eV	Isolated	HMDB	HMDB	M+H	182.082	181.074	1	60-18-4	N/A	N[C@@H](CC1=CC=C(O)C=C1)C(O)=O	InChI=1S/C9H11NO3/c10-8(9(12)13)5-6-1-3-7(11)4-2-6/h1-4,8,11H,5,10H2,(H,12,13)/t8-/m0/s1	N/A	3	Positive	HMDB	182.082	UPDATE-SINGLE-ANNOTATED-BRONZE	Bronze		C9H11NO3	OUYCCCASQSFEME-QMMMGPOBSA-N	OUYCCCASQSFEME	Organic acids and derivatives	Carboxylic acids and derivatives	Amino acids, peptides, and analogues	Small peptides	Aminoacids	Amino acids and Peptides|Shikimates and Phenylpropanoids	mzspec:GNPS:GNPS-LIBRARY:CCMSLIB00000425520
CCMSLIB00005885036	45	specs_ms.mgf	GNPS-LIBRARY.mgf	0.962314	467450.0	278.201	47.4982	5	0.00788879	166.094	1	temp/specs_ms.mgf45	1	Phenylalanine - 70.00 eV	ESI	Orbitrap	Isolated	Madeleine Ernst	Anna Abrahamsson	M+H	166.086	0.0	1	63-91-2	N/A	N[C@@H](CC1=CC=CC=C1)C(O)=O	InChI=1S/C9H11NO2/c10-8(9(11)12)6-7-4-2-1-3-5-7/h1-5,8H,6,10H2,(H,11,12)/t8-/m0/s1	N/A	1	Positive	GNPS-LIBRARY	166.086	UPDATE-SINGLE-ANNOTATED-GOLD	Gold		C9H11NO2	COLNVLDHVKWLRT-QMMMGPOBSA-N	COLNVLDHVKWLRT	Organic acids and derivatives	Carboxylic acids and derivatives	Amino acids, peptides, and analogues	Small peptides	Aminoacids	Amino acids and Peptides|Shikimates and Phenylpropanoids	mzspec:GNPS:GNPS-LIBRARY:CCMSLIB00005885036
CCMSLIB00013065435	64	specs_ms.mgf	MSNLIB-POSITIVE.mgf	0.962044	21047.8	436.473	11.2341	6	0.00230408	205.099	1	temp/specs_ms.mgf64	1	L-tryptophan	ESI	Orbitrap	Commercial	Tomas Pluskal	Corinna Brungs	[M+H]+	205.097	204.09	1	N/A	N/A	N[C@@H](Cc1c[nH]c2ccccc12)C(=O)O	InChI=1S/C11H12N2O2/c12-9(11(14)15)5-7-6-13-10-4-2-1-3-8(7)10/h1-4,6,9,13H,5,12H2,(H,14,15)/t9-/m0/s1	QIVBCDIJIAJPQS-VIFPVBQESA-N	1	Positive	MSNLIB-POSITIVE	205.097	UPDATE-SINGLE-ANNOTATED-GOLD	Gold		C11H12N2O2	QIVBCDIJIAJPQS-VIFPVBQESA-N	QIVBCDIJIAJPQS	Organoheterocyclic compounds	Indoles and derivatives	Indolyl carboxylic acids and derivatives	Small peptides	Aminoacids	Amino acids and Peptides|Shikimates and Phenylpropanoids	mzspec:GNPS:GNPS-LIBRARY:CCMSLIB00013065435
CCMSLIB00006682577	26	specs_ms.mgf	MONA.mgf	0.955411	14019.0	204.568	14.1438	5	0.00195312	138.093	1	temp/specs_ms.mgf26	1	TYRAMINE	ESI	qTof	isolated	MoNA	MoNA:MoNA032320	M+H	138.091	0.0	1	N/A	N/A	C1=C(C=CC(=C1)O)CCN	"""InChI=1S/C8H11NO/c9-6-5-7-1-3-8(10)4-2-7/h1-4,10H,5-6,9H2"""	N/A	3	positive	MONA	138.091	UPDATE-SINGLE-ANNOTATED-BRONZE	Bronze		C8H11NO	DZGWFCGJZKJUFP-UHFFFAOYSA-N	DZGWFCGJZKJUFP	Benzenoids	Benzene and substituted derivatives	Phenethylamines	Tyrosine alkaloids	Phenylethylamines	Alkaloids	mzspec:GNPS:GNPS-LIBRARY:CCMSLIB00006682577
CCMSLIB00003137887	63	specs_ms.mgf	GNPS-NIST14-MATCHES.mgf	0.954856	14565.9	433.899	3.42225	6	0.000701904	205.099	1	temp/specs_ms.mgf63	1	Spectral Match to L-Tryptophan from NIST14	ESI	HCD	Isolated	Data from Pieter Dorrestein	Data deposited by dfloros	M+H	205.1	0.0	1	73223	N/A	N/A	N/A	N/A	3	Positive	GNPS-NIST14-MATCHES	205.1	UPDATE-SINGLE-ANNOTATED-BRONZE	Bronze		N/A	N/A	N/A	N/A	N/A	N/A	N/A	N/A	N/A	mzspec:GNPS:GNPS-LIBRARY:CCMSLIB00003137887
CCMSLIB00000220466	30	specs_ms.mgf	MASSBANK.mgf	0.951119	16272.5	110.213	1141.06	5	0.166595	146.167	1	temp/specs_ms.mgf30	1	Massbank:KO003974 Spermidine|N-(3-Aminopropyl)-1,4-butane-diamine	ESI	LC-ESI-QQ	Isolated	Putative Massbank Match	Massbank	[M+H]+	146.0	0.0	1	124-20-9	N/A	NCCCCNCCCN	1S/C7H19N3/c8-4-1-2-6-10-7-3-5-9/h10H,1-9H2	N/A	3	Positive	MASSBANK	146.0	UPDATE-SINGLE-ANNOTATED-BRONZE	Bronze		C7H19N3	ATHGHQPFGPMSJY-UHFFFAOYSA-N	ATHGHQPFGPMSJY	Organic nitrogen compounds	Organonitrogen compounds	Amines	Ornithine alkaloids	Polyamines	Alkaloids	mzspec:GNPS:GNPS-LIBRARY:CCMSLIB00000220466
CCMSLIB00000216566	89	specs_ms.mgf	MASSBANK.mgf	0.940065	18611.3	197.554	397.867	8	0.106628	268.107	1	temp/specs_ms.mgf89	1	Massbank:KO002042 Adenosine	ESI	LC-ESI-QQ	Isolated	Putative Massbank Match	Massbank	[M+H]+	268.0	0.0	1	58-61-7	N/A	OC[C@@H](O1)[C@@H](O)[C@@H](O)[C@@H]1n(c3)c(n2)c(n3)c(N)nc2	1S/C10H13N5O4/c11-8-5-9(13-2-12-8)15(3-14-5)10-7(18)6(17)4(1-16)19-10/h2-4,6-7,10,16-18H,1H2,(H2,11,12,13)/t4-,6-,7-,10-/m1/s1	N/A	3	Positive	MASSBANK	268.0	UPDATE-SINGLE-ANNOTATED-BRONZE	Bronze		C10H13N5O4	OIRDTQYFTABQOQ-KQYNXXCUSA-N	OIRDTQYFTABQOQ	N/A	N/A	N/A	Nucleosides	Purine nucleos(t)ides	Carbohydrates	mzspec:GNPS:GNPS-LIBRARY:CCMSLIB00000216566
CCMSLIB00013639491	44	specs_ms.mgf	WINE-DB-QTOF.mgf	0.937883	89007.4	293.512	12.4028	5	0.00205994	166.088	1	temp/specs_ms.mgf44	1	Phenylalanine_(L-)	ESI	qTof	Commercial	Axel_Marchal	TE_MLS	M+H	166.086	165.19	1	63-91-2	N/A	C([C@@H](C(O)=O)N)C1=CC=CC=C1	InChI=1S/C9H11NO2/c10-8(9(11)12)6-7-4-2-1-3-5-7/h1-5,8H,6,10H2,(H,11,12)/t8-/m0/s1	N/A	1	Positive	WINE-DB-QTOF	166.086	UPDATE-SINGLE-ANNOTATED-GOLD	Gold		C9H11NO2	COLNVLDHVKWLRT-QMMMGPOBSA-N	COLNVLDHVKWLRT	Organic acids and derivatives	Carboxylic acids and derivatives	Amino acids, peptides, and analogues	Small peptides	Aminoacids	Amino acids and Peptides|Shikimates and Phenylpropanoids	mzspec:GNPS:GNPS-LIBRARY:CCMSLIB00013639491
CCMSLIB00003136679	93	specs_ms.mgf	GNPS-NIST14-MATCHES.mgf	0.936613	26172.4	220.255	6.01543	6	0.00170898	284.102	1	temp/specs_ms.mgf93	1	Spectral Match to Guanosine from NIST14	ESI	QqQ	Isolated	Data from Dorrestein	Data deposited by quinnr	M+H	284.1	0.0	1	118003	N/A	N/A	N/A	N/A	3	Positive	GNPS-NIST14-MATCHES	284.1	UPDATE-SINGLE-ANNOTATED-BRONZE	Bronze		N/A	N/A	N/A	N/A	N/A	N/A	N/A	N/A	N/A	mzspec:GNPS:GNPS-LIBRARY:CCMSLIB00003136679
CCMSLIB00012856934	69	specs_ms.mgf	MSNLIB-POSITIVE.mgf	0.936092	8430.4	239.233	8.64282	5	0.00187683	217.157	1	temp/specs_ms.mgf69	1	AKOS011963716	ESI	Orbitrap	Commercial	Tomas Pluskal	Corinna Brungs	[M+H]+	217.155	216.147	1	N/A	N/A	COC(=O)C(NC(=O)C(C)CN)C(C)C	InChI=1S/C10H20N2O3/c1-6(2)8(10(14)15-4)12-9(13)7(3)5-11/h6-8H,5,11H2,1-4H3,(H,12,13)	SSVJNCASCKBAOR-UHFFFAOYSA-N	1	Positive	MSNLIB-POSITIVE	217.155	UPDATE-SINGLE-ANNOTATED-GOLD	Gold		C10H20N2O3	SSVJNCASCKBAOR-UHFFFAOYSA-N	SSVJNCASCKBAOR	Organic acids and derivatives	Carboxylic acids and derivatives	Amino acids, peptides, and analogues	Small peptides	Dipeptides	Amino acids and Peptides	mzspec:GNPS:GNPS-LIBRARY:CCMSLIB00012856934
CCMSLIB00006682704	43	specs_ms.mgf	MONA.mgf	0.932585	111145.0	293.32	12.4028	5	0.00205994	166.088	1	temp/specs_ms.mgf43	1	PHENYLALANINE	ESI	qTof	isolated	MoNA	MoNA:MoNA032728	M+H	166.086	0.0	1	N/A	N/A	C1=CC=C(C=C1)C[C@@H](C(=O)O)N	"""InChI=1S/C9H11NO2/c10-8(9(11)12)6-7-4-2-1-3-5-7/h1-5,8H,6,10H2,(H,11,12)/t8-/m0/s1"""	N/A	3	positive	MONA	166.086	UPDATE-SINGLE-ANNOTATED-BRONZE	Bronze		C9H11NO2	COLNVLDHVKWLRT-QMMMGPOBSA-N	COLNVLDHVKWLRT	Organic acids and derivatives	Carboxylic acids and derivatives	Amino acids, peptides, and analogues	Small peptides	Aminoacids	Amino acids and Peptides|Shikimates and Phenylpropanoids	mzspec:GNPS:GNPS-LIBRARY:CCMSLIB00006682704
CCMSLIB00003135135	56	specs_ms.mgf	GNPS-NIST14-MATCHES.mgf	0.929119	16524.1	436.856	13.0625	6	0.00245667	188.072	1	temp/specs_ms.mgf56	1	Spectral Match to DL-Indole-3-lactic acid from NIST14	ESI	Q-TOF	Isolated	Data from Dorrestein	Data deposited by quinnr	M+H-H2O	188.07	0.0	1	832973	N/A	N/A	N/A	N/A	3	Positive	GNPS-NIST14-MATCHES	188.07	UPDATE-SINGLE-ANNOTATED-BRONZE	Bronze		N/A	N/A	N/A	N/A	N/A	N/A	N/A	N/A	N/A	mzspec:GNPS:GNPS-LIBRARY:CCMSLIB00003135135
CCMSLIB00000425767	9	specs_ms.mgf	HMDB.mgf	0.928834	34915.4	202.313	7.68832	5	0.000930786	121.066	1	temp/specs_ms.mgf9	1	HMDB:HMDB06236-2480 Phenylacetaldehyde	Positive	Quattro_QQQ:40eV	Isolated	HMDB	HMDB	M+H	121.065	120.058	1	122-78-1	N/A	O=CCC1=CC=CC=C1	InChI=1S/C8H8O/c9-7-6-8-4-2-1-3-5-8/h1-5,7H,6H2	N/A	3	Positive	HMDB	121.065	UPDATE-SINGLE-ANNOTATED-BRONZE	Bronze		C8H8O	DTUQWGWMVIHBKE-UHFFFAOYSA-N	DTUQWGWMVIHBKE	Benzenoids	Benzene and substituted derivatives	Phenylacetaldehydes	Phenylpropanoids (C6-C3)	Cinnamic acids and derivatives	Shikimates and Phenylpropanoids	mzspec:GNPS:GNPS-LIBRARY:CCMSLIB00000425767
CCMSLIB00003138038	55	specs_ms.mgf	GNPS-NIST14-MATCHES.mgf	0.917966	18414.8	434.281	2.83963	6	0.000534058	188.072	1	temp/specs_ms.mgf55	1	Spectral Match to L-Tryptophan from NIST14	ESI	HCD	Isolated	Data from Pieter Dorrestein	Data deposited by dfloros	M+H-NH3	188.073	0.0	1	73223	N/A	N/A	N/A	N/A	3	Positive	GNPS-NIST14-MATCHES	188.073	UPDATE-SINGLE-ANNOTATED-BRONZE	Bronze		N/A	N/A	N/A	N/A	N/A	N/A	N/A	N/A	N/A	mzspec:GNPS:GNPS-LIBRARY:CCMSLIB00003138038
CCMSLIB00005774329	61	specs_ms.mgf	MASSBANK.mgf	0.917202	4899.0	155.078	11.9245	5	0.00241089	202.182	1	temp/specs_ms.mgf61	1	Massbank:AU252106 4-Hydroxy-1-(2-hydroxyethyl)-2,2,6,6-tetramethylpiperidine|1-Piperidineethanol, 4-hydroxy-2,2,6,6-tetramethyl-|1-(2-hydroxyethyl)-2,2,6,6-tetramethylpiperidin-4-ol	ESI	qTof	Isolated	Massbank	Massbank	M+H	202.18	0.0	1	52722-86-8	N/A	CC1(C)CC(O)CC(C)(C)N1CCO	1S/C11H23NO2/c1-10(2)7-9(14)8-11(3,4)12(10)5-6-13/h9,13-14H,5-8H2,1-4H3	N/A	3	Positive	MASSBANK	202.18	UPDATE-SINGLE-ANNOTATED-BRONZE	Bronze		C11H23NO2	STEYNUVPFMIUOY-UHFFFAOYSA-N	STEYNUVPFMIUOY	N/A	N/A	N/A	Lysine alkaloids	Piperidine alkaloids	Alkaloids	mzspec:GNPS:GNPS-LIBRARY:CCMSLIB00005774329
CCMSLIB00006121092	23	specs_ms.mgf	BIRMINGHAM-UHPLC-MS-POS.mgf	0.916898	37498.2	207.261	14.914	5	0.00202942	136.077	1	temp/specs_ms.mgf23	1	octopamine - 40.0 eV	ESI	Orbitrap	Isolated	PI	Data Collector	Unknown	136.075	0.0	1		N/A	c1cc(ccc1C(CN)O)O	InChI=1S/C8H11NO2/c9-5-8(11)6-1-3-7(10)4-2-6/h1-4,8,10-11H,5,9H2	N/A	1	Positive	BIRMINGHAM-UHPLC-MS-POS	136.075	UPDATE-SINGLE-ANNOTATED-GOLD	Gold		C8H11NO2	QHGUCRYDKWKLMG-UHFFFAOYSA-N	QHGUCRYDKWKLMG	Benzenoids	Phenols	1-hydroxy-2-unsubstituted benzenoids	Tyrosine alkaloids	Phenylethylamines	Alkaloids	mzspec:GNPS:GNPS-LIBRARY:CCMSLIB00006121092
CCMSLIB00010130991	68	specs_ms.mgf	MCE-DRUG.mgf	0.911765	20201.1	202.887	9159.49	5	1.9888	215.141	1	temp/specs_ms.mgf68	1	N-Acetyl-L-arginine	ESI	Orbitrap	Crude	Tomas Pluskal	Corinna Brungs	M+H	217.13	216.122	1	N/A	N/A	CC(=O)N[C@@H](CCCN=C(N)N)C(=O)O	"""InChI=1S/C8H16N4O3/c1-5(13)12-6(7(14)15)3-2-4-11-8(9)10/h6H,2-4H2,1H3,(H,12,13)(H,14,15)(H4,9,10,11)/t6-/m0/s1"""	SNEIUMQYRCDYCH-LURJTMIESA-N	3	Positive	MCE-DRUG	217.13	UPDATE-SINGLE-ANNOTATED-BRONZE	Bronze		C8H16N4O3	SNEIUMQYRCDYCH-LURJTMIESA-N	SNEIUMQYRCDYCH	Organic acids and derivatives	Carboxylic acids and derivatives	Amino acids, peptides, and analogues	Small peptides	Dipeptides	Amino acids and Peptides	mzspec:GNPS:GNPS-LIBRARY:CCMSLIB00010130991
CCMSLIB00010152451	102	specs_ms.mgf	MCE-DRUG.mgf	0.906877	26471.4	651.07	14.8426	5	0.0045166	304.305	1	temp/specs_ms.mgf102	1	Benzododecinium	ESI	Orbitrap	Crude	Tomas Pluskal	Corinna Brungs	M+H	304.3	304.3	1	N/A	N/A	CCCCCCCCCCCC[N+](C)(C)Cc1ccccc1	"""InChI=1S/C21H38N/c1-4-5-6-7-8-9-10-11-12-16-19-22(2,3)20-21-17-14-13-15-18-21/h13-15,17-18H,4-12,16,19-20H2,1-3H3/q+1"""	CYDRXTMLKJDRQH-UHFFFAOYSA-N	3	Positive	MCE-DRUG	304.3	UPDATE-SINGLE-ANNOTATED-BRONZE	Bronze		N/A	CYDRXTMLKJDRQH-UHFFFAOYSA-N	CYDRXTMLKJDRQH	Benzenoids	Benzene and substituted derivatives	Phenylmethylamines	N/A	N/A	N/A	mzspec:GNPS:GNPS-LIBRARY:CCMSLIB00010152451
CCMSLIB00003137803	113	specs_ms.mgf	GNPS-NIST14-MATCHES.mgf	0.904505	43011.4	717.616	18.2739	6	0.006073	332.337	1	temp/specs_ms.mgf113	1	Spectral Match to Benzyltetradecyldimethylammonium from NIST14	ESI	QqQ	Isolated	Data from Pieter Dorrestein;Ruben Abagayan	Data deposited by lfnothias	Cat	332.331	0.0	1	16287711	N/A	N/A	N/A	N/A	3	Positive	GNPS-NIST14-MATCHES	332.331	UPDATE-SINGLE-ANNOTATED-BRONZE	Bronze		N/A	N/A	N/A	N/A	N/A	N/A	N/A	N/A	N/A	mzspec:GNPS:GNPS-LIBRARY:CCMSLIB00003137803
CCMSLIB00000842021	74	specs_ms.mgf	MASSBANKEU.mgf	0.902723	11071.1	576.811	15.5074	6	0.00357056	230.252	1	temp/specs_ms.mgf74	1	MassbankEU:SM876801 N,N-Dimethyldodecylamine N-oxide|Lauramine oxide|N,N-dimethyldodecan-1-amine oxide	ESI	LC-ESI-QFT	Isolated	Massbank EU	Massbank	[M+H]+	230.248	0.0	1	1643-20-5	N/A	CCCCCCCCCCCC[N+](C)(C)[O-]	1S/C14H31NO/c1-4-5-6-7-8-9-10-11-12-13-14-15(2,3)16/h4-14H2,1-3H3	N/A	3	Positive	MASSBANKEU	230.248	UPDATE-SINGLE-ANNOTATED-BRONZE	Bronze		N/A	SYELZBGXAIXKHU-UHFFFAOYSA-N	SYELZBGXAIXKHU	Organic nitrogen compounds	Organonitrogen compounds	Aminoxides	N/A	N/A	N/A	mzspec:GNPS:GNPS-LIBRARY:CCMSLIB00000842021
CCMSLIB00000007039	72	specs_ms.mgf	GNPS-LIBRARY.mgf	0.901946	21476.7	454.077	14.4433	11	0.00328064	227.142	1	temp/specs_ms.mgf72	1	cyclo(L-Leu-L-4-hydroxy-Pro)	DI-ESI	qTof	Isolated	Keyzers	R Keyzers	M+H	227.139	244.121	1	115006-86-5	N/A	N/A	N/A	N/A	3	Positive	GNPS-LIBRARY	227.139	UPDATE-SINGLE-ANNOTATED-BRONZE	Bronze		N/A	N/A	N/A	N/A	N/A	N/A	N/A	N/A	N/A	mzspec:GNPS:GNPS-LIBRARY:CCMSLIB00000007039
CCMSLIB00006114302	25	specs_ms.mgf	BIRMINGHAM-UHPLC-MS-POS.mgf	0.901915	11806.4	213.056	7.90519	5	0.00108337	137.047	1	temp/specs_ms.mgf25	1	6-OXOPURINE - 40.0 eV	ESI	Orbitrap	Isolated	PI	Data Collector	Unknown	137.046	0.0	1		N/A	C1=NC2=NC=NC(=O)C2=N1	InChI=1S/C5H2N4O/c10-5-3-4(7-1-6-3)8-2-9-5/h1-2H	N/A	1	Positive	BIRMINGHAM-UHPLC-MS-POS	137.046	UPDATE-SINGLE-ANNOTATED-GOLD	Gold		C5H2N4O	UYLWKSJTHLRFBX-UHFFFAOYSA-N	UYLWKSJTHLRFBX	Organoheterocyclic compounds	Imidazopyrimidines	Purines and purine derivatives	Pseudoalkaloids		Alkaloids	mzspec:GNPS:GNPS-LIBRARY:CCMSLIB00006114302
CCMSLIB00003137374	24	specs_ms.mgf	GNPS-NIST14-MATCHES.mgf	0.896637	10140.9	212.865	7.90519	6	0.00108337	137.047	1	temp/specs_ms.mgf24	1	Spectral Match to Hypoxanthine from NIST14	ESI	qTof	Isolated	Data from Joshua Wollam	Data deposited by fevargas	M+H	137.046	136.038	1	68940	N/A	C1=NC2=C(N1)C(=O)NC=N2	InChI=1S/C5H4N4O/c10-5-3-4(7-1-6-3)8-2-9-5/h1-2H,(H2,6,7,8,9,10)	N/A	3	Positive	GNPS-NIST14-MATCHES	137.046	UPDATE-SINGLE-ANNOTATED-BRONZE	Bronze		C5H4N4O	FDGQSTZJBFJUBT-UHFFFAOYSA-N	FDGQSTZJBFJUBT	Organoheterocyclic compounds	Imidazopyrimidines	Purines and purine derivatives	Pseudoalkaloids	Purine alkaloids	Alkaloids	mzspec:GNPS:GNPS-LIBRARY:CCMSLIB00003137374
CCMSLIB00004694498	62	specs_ms.mgf	MONA.mgf	0.894337	9983.7	119.919	9.76092	5	0.00198364	203.225	1	temp/specs_ms.mgf62	1	Spermine	N/A	ESI-QFT	isolated	MoNA	MoNA:VF-NPL-QEHF003435	[M+H]+	203.223	0.0	1	N/A	N/A	NCCCNCCCCNCCCN	InChI=1S/C10H26N4/c11-5-3-9-13-7-1-2-8-14-10-4-6-12/h13-14H,1-12H2	N/A	3	positive	MONA	203.223	UPDATE-SINGLE-ANNOTATED-BRONZE	Bronze		C10H26N4	PFNFFQXMRSDOHW-UHFFFAOYSA-N	PFNFFQXMRSDOHW	Organic nitrogen compounds	Organonitrogen compounds	Amines	Ornithine alkaloids	Polyamines	Alkaloids	mzspec:GNPS:GNPS-LIBRARY:CCMSLIB00004694498
CCMSLIB00006684524	94	specs_ms.mgf	MONA.mgf	0.882013	13742.2	218.369	9.56027	6	0.00271606	284.102	1	temp/specs_ms.mgf94	1	GUANOSINE	ESI	qTof	isolated	MoNA	MoNA:MoNA036418	M+H	284.099	0.0	1	N/A	N/A	C([C@@H]1[C@H]([C@H]([C@H](N2C=NC3=C2NC(=N)N=C3O)O1)O)O)O	"""InChI=1S/C10H13N5O5/c11-10-13-7-4(8(19)14-10)12-2-15(7)9-6(18)5(17)3(1-16)20-9/h2-3,5-6,9,16-18H,1H2,(H3,11,13,14,19)/t3-,5-,6-,9-/m1/s1"""	N/A	3	positive	MONA	284.099	UPDATE-SINGLE-ANNOTATED-BRONZE	Bronze		C10H13N5O5	NYHBQMYGNKIUIF-UUOKFMHZSA-N	NYHBQMYGNKIUIF	N/A	N/A	N/A	Nucleosides	Purine nucleos(t)ides	Carbohydrates	mzspec:GNPS:GNPS-LIBRARY:CCMSLIB00006684524
CCMSLIB00003139954	37	specs_ms.mgf	GNPS-NIST14-MATCHES.mgf	0.881464	7259.0	180.539	5.50151	5	0.000869751	158.094	1	temp/specs_ms.mgf37	1	Spectral Match to L-Arginine from NIST14	ESI	HCD	Isolated	Data from Pieter Dorrestein	Data deposited by lfnothias	M+H-NH3	158.093	0.0	1	74793	N/A	N/A	N/A	N/A	3	Positive	GNPS-NIST14-MATCHES	158.093	UPDATE-SINGLE-ANNOTATED-BRONZE	Bronze		N/A	N/A	N/A	N/A	N/A	N/A	N/A	N/A	N/A	mzspec:GNPS:GNPS-LIBRARY:CCMSLIB00003139954
CCMSLIB00012728820	83	specs_ms.mgf	ECRFS_DB.mgf	0.87914	7505.0	641.03	17.1328	6	0.00442505	258.283	1	temp/specs_ms.mgf83	1	Myristamine oxide	ESI	Orbitrap	Commercial	Federico Padilla	"""Sjors Rasker, Wout Bergkamp"""	M+H	258.279	257.272	1	3332-27-2	N/A	CCCCCCCCCCCCCC[N+](C)(C)[O-]	ONHFWHCMZAJCFB-UHFFFAOYSA-N	N/A	1	Positive	ECRFS_DB	258.279	UPDATE-SINGLE-ANNOTATED-GOLD	Gold		N/A	ONHFWHCMZAJCFB-UHFFFAOYSA-N	ONHFWHCMZAJCFB	Organic nitrogen compounds	Organonitrogen compounds	Aminoxides	N/A	N/A	N/A	mzspec:GNPS:GNPS-LIBRARY:CCMSLIB00012728820
CCMSLIB00012338213	119	specs_ms.mgf	MSNLIB-POSITIVE.mgf	0.873598	8201.0	791.067	15.2435	6	0.00549316	360.367	1	temp/specs_ms.mgf119	1	Cetalkonium	ESI	Orbitrap	Crude	Tomas Pluskal	Corinna Brungs	[M]+	360.362	360.362	1	N/A	N/A	CCCCCCCCCCCCCCCC[N+](C)(C)Cc1ccccc1	InChI=1S/C25H46N/c1-4-5-6-7-8-9-10-11-12-13-14-15-16-20-23-26(2,3)24-25-21-18-17-19-22-25/h17-19,21-22H,4-16,20,23-24H2,1-3H3/q+1	QDYLMAYUEZBUFO-UHFFFAOYSA-N	1	Positive	MSNLIB-POSITIVE	360.362	UPDATE-SINGLE-ANNOTATED-GOLD	Gold		N/A	QDYLMAYUEZBUFO-UHFFFAOYSA-N	QDYLMAYUEZBUFO	Benzenoids	Benzene and substituted derivatives	Phenylmethylamines	N/A	N/A	N/A	mzspec:GNPS:GNPS-LIBRARY:CCMSLIB00012338213
CCMSLIB00000220692	27	specs_ms.mgf	MASSBANK.mgf	0.871931	15183.7	203.53	673.598	5	0.0929565	138.093	1	temp/specs_ms.mgf27	1	Massbank:KO004086 Tyramine|2-(p-Hydroxyphenyl)ethylamine	ESI	LC-ESI-QQ	Isolated	Putative Massbank Match	Massbank	[M+H]+	138.0	0.0	1	51-67-2	N/A	NCCc(c1)ccc(O)c1	1S/C8H11NO/c9-6-5-7-1-3-8(10)4-2-7/h1-4,10H,5-6,9H2	N/A	3	Positive	MASSBANK	138.0	UPDATE-SINGLE-ANNOTATED-BRONZE	Bronze		C8H11NO	DZGWFCGJZKJUFP-UHFFFAOYSA-N	DZGWFCGJZKJUFP	Benzenoids	Benzene and substituted derivatives	Phenethylamines	Tyrosine alkaloids	Phenylethylamines	Alkaloids	mzspec:GNPS:GNPS-LIBRARY:CCMSLIB00000220692
CCMSLIB00003137181	41	specs_ms.mgf	GNPS-NIST14-MATCHES.mgf	0.870926	23556.3	207.644	7.58063	5	0.00125122	165.056	1	temp/specs_ms.mgf41	1	Spectral Match to L-Tyrosine from NIST14	ESI	HCD	Isolated	Data from Jairam KP Vanamala, PhD	Data deposited by mjmeehan	M+H-NH3	165.055	0.0	1	60184	N/A	N/A	N/A	N/A	3	Positive	GNPS-NIST14-MATCHES	165.055	UPDATE-SINGLE-ANNOTATED-BRONZE	Bronze		N/A	N/A	N/A	N/A	N/A	N/A	N/A	N/A	N/A	mzspec:GNPS:GNPS-LIBRARY:CCMSLIB00003137181
CCMSLIB00005720468	22	specs_ms.mgf	PSU-MSMLS.mgf	0.866399	20835.1	197.171	56.4832	5	0.00746155	132.109	1	temp/specs_ms.mgf22	1	NORLEUCINE	ESI	qTof	Commercial	Andrew D. Patterson	Philip Smith	[M+H]+	132.102	131.095	1	 327-57-1	21236	CCCC[C@@H](C(=O)O)N	"""InChI=1S/C6H13NO2/c1-2-3-4-5(7)6(8)9/h5H,2-4,7H2,1H3,(H,8,9)/t5-/m0/s1"""	N/A	1	Positive	PSU-MSMLS	132.102	UPDATE-SINGLE-ANNOTATED-GOLD	Gold		C6H13NO2	LRQKBLKVPFOOQJ-YFKPBYRVSA-N	LRQKBLKVPFOOQJ	Organic acids and derivatives	Carboxylic acids and derivatives	Amino acids, peptides, and analogues	Fatty Acids and Conjugates|Small peptides	Amino fatty acids|Aminoacids	Amino acids and Peptides|Fatty acids	mzspec:GNPS:GNPS-LIBRARY:CCMSLIB00005720468
CCMSLIB00000220114	7	specs_ms.mgf	MASSBANK.mgf	0.861512	347967.0	282.959	15686.1	5	1.9137	120.086	1	temp/specs_ms.mgf7	1	Massbank:KO003794 Phenylethylamine(2)|beta-Phenylethylamine|Phenethylamine|2-Phenylethylamine|Phenylethylamine	ESI	LC-ESI-QQ	Isolated	Putative Massbank Match	Massbank	[M+H]+	122.0	0.0	1	64-04-0	N/A	NCCc(c1)cccc1	1S/C8H11N/c9-7-6-8-4-2-1-3-5-8/h1-5H,6-7,9H2	N/A	3	Positive	MASSBANK	122.0	UPDATE-SINGLE-ANNOTATED-BRONZE	Bronze		C8H11N	BHHGXPLMPWCGHP-UHFFFAOYSA-N	BHHGXPLMPWCGHP	Benzenoids	Benzene and substituted derivatives	Phenethylamines	Tyrosine alkaloids	Phenylethylamines	Alkaloids	mzspec:GNPS:GNPS-LIBRARY:CCMSLIB00000220114
CCMSLIB00013039833	79	specs_ms.mgf	MSNLIB-POSITIVE.mgf	0.851277	6078.3	466.051	7845.11	5	1.92252	243.136	1	temp/specs_ms.mgf79	1	Pidotimod	ESI	Orbitrap	Commercial	Tomas Pluskal	Corinna Brungs	[M+H]+	245.059	244.052	1	N/A	N/A	O=C1CC[C@@H](C(=O)N2CSC[C@H]2C(=O)O)N1	InChI=1S/C9H12N2O4S/c12-7-2-1-5(10-7)8(13)11-4-16-3-6(11)9(14)15/h5-6H,1-4H2,(H,10,12)(H,14,15)/t5-,6-/m0/s1	UUTKICFRNVKFRG-WDSKDSINSA-N	1	Positive	MSNLIB-POSITIVE	245.059	UPDATE-SINGLE-ANNOTATED-GOLD	Gold		C9H12N2O4S	UUTKICFRNVKFRG-WDSKDSINSA-N	UUTKICFRNVKFRG	Organic acids and derivatives	Carboxylic acids and derivatives	Amino acids, peptides, and analogues	Small peptides	Aminoacids	Amino acids and Peptides	mzspec:GNPS:GNPS-LIBRARY:CCMSLIB00013039833
CCMSLIB00006121072	3	specs_ms.mgf	BIRMINGHAM-UHPLC-MS-NEG.mgf	0.851206	13521.3	461.42	8958.61	5	1.03951	117.075	1	temp/specs_ms.mgf3	1	Aceturic acid - 30.0 eV	ESI	Orbitrap	Isolated	PI	Data Collector	M-H	116.035	0.0	1		N/A	C/C(=N/CC(=O)O)/O	InChI=1S/C4H7NO3/c1-3(6)5-2-4(7)8/h2H2,1H3,(H,5,6)(H,7,8)	N/A	1	Negative	BIRMINGHAM-UHPLC-MS-NEG	116.035	UPDATE-SINGLE-ANNOTATED-GOLD	Gold		C4H7NO3	OKJIRPAQVSHGFK-UHFFFAOYSA-N	OKJIRPAQVSHGFK	Organic acids and derivatives	Carboxylic acids and derivatives	Amino acids, peptides, and analogues	Small peptides	Dipeptides	Amino acids and Peptides	mzspec:GNPS:GNPS-LIBRARY:CCMSLIB00006121072
CCMSLIB00000007135	80	specs_ms.mgf	GNPS-LIBRARY.mgf	0.85052	7027.5	481.278	11.2669	12	0.00276184	245.131	1	temp/specs_ms.mgf80	1	cyclo(L-Phe-D-Pro)	DI-ESI	qTof	Isolated	Keyzers	R Keyzers	M+H	245.128	244.121	1	32021-26-4	N/A	N/A	N/A	N/A	3	Positive	GNPS-LIBRARY	245.128	UPDATE-SINGLE-ANNOTATED-BRONZE	Bronze		N/A	N/A	N/A	N/A	N/A	N/A	N/A	N/A	N/A	mzspec:GNPS:GNPS-LIBRARY:CCMSLIB00000007135
CCMSLIB00003135133	75	specs_ms.mgf	GNPS-NIST14-MATCHES.mgf	0.850225	7731.1	366.539	11.3532	5	0.00262451	231.173	1	temp/specs_ms.mgf75	1	Spectral Match to Leu-Val from NIST14	ESI	qTof	Isolated	Data from Gabriel Haddad	Data deposited by mjmeehan	M+H	231.17	230.163	1	13588959	N/A	CC(C)C[C@@H](C(=O)N[C@@H](C(C)C)C(=O)O)N	InChI=1S/C11H22N2O3/c1-6(2)5-8(12)10(14)13-9(7(3)4)11(15)16/h6-9H,5,12H2,1-4H3,(H,13,14)(H,15,16)/t8-,9-/m0/s1	N/A	3	Positive	GNPS-NIST14-MATCHES	231.17	UPDATE-SINGLE-ANNOTATED-BRONZE	Bronze		C11H22N2O3	MDSUKZSLOATHMH-IUCAKERBSA-N	MDSUKZSLOATHMH	Organic acids and derivatives	Carboxylic acids and derivatives	Amino acids, peptides, and analogues	Small peptides	Dipeptides	Amino acids and Peptides	mzspec:GNPS:GNPS-LIBRARY:CCMSLIB00003135133
CCMSLIB00000218857	29	specs_ms.mgf	MASSBANK.mgf	0.837495	11150.6	446.735	424.633	5	0.0619965	146.062	1	temp/specs_ms.mgf29	1	Massbank:KO003170 4-Hydroxyquinoline|Quinolin-4-ol	ESI	LC-ESI-QQ	Isolated	Putative Massbank Match	Massbank	[M+H]+	146.0	0.0	1	611-36-9	N/A	Oc(c1)c(c2)c(ccc2)nc1	1S/C9H7NO/c11-9-5-6-10-8-4-2-1-3-7(8)9/h1-6H,(H,10,11)	N/A	3	Positive	MASSBANK	146.0	UPDATE-SINGLE-ANNOTATED-BRONZE	Bronze		C9H7NO	PMZDQRJGMBOQBF-UHFFFAOYSA-N	PMZDQRJGMBOQBF	Organoheterocyclic compounds	Quinolines and derivatives	Quinolones and derivatives	Tryptophan alkaloids|Anthranilic acid alkaloids	Quinazoline alkaloids|Quinoline alkaloids	Alkaloids	mzspec:GNPS:GNPS-LIBRARY:CCMSLIB00000218857
CCMSLIB00000007114	85	specs_ms.mgf	GNPS-LIBRARY.mgf	0.836677	17400.0	458.131	8.76525	7	0.00228882	261.126	1	temp/specs_ms.mgf85	1	cyclo(Phe-4-Hyp)	DI-ESI	qTof	Isolated	Keyzers	R Keyzers	M+H	261.124	260.116	1	0	N/A	N/A	N/A	N/A	3	Positive	GNPS-LIBRARY	261.124	UPDATE-SINGLE-ANNOTATED-BRONZE	Bronze		N/A	N/A	N/A	N/A	N/A	N/A	N/A	N/A	N/A	mzspec:GNPS:GNPS-LIBRARY:CCMSLIB00000007114
CCMSLIB00012441158	48	specs_ms.mgf	MSNLIB-POSITIVE.mgf	0.832522	8922.3	469.229	11.7765	5	0.00212097	180.104	1	temp/specs_ms.mgf48	1	N-Acetyltyramine	ESI	Orbitrap	Crude	Tomas Pluskal	Corinna Brungs	[M+H]+	180.102	179.095	1	N/A	N/A	CC(=O)NCCc1ccc(O)cc1	InChI=1S/C10H13NO2/c1-8(12)11-7-6-9-2-4-10(13)5-3-9/h2-5,13H,6-7H2,1H3,(H,11,12)	ATDWJOOPFDQZNK-UHFFFAOYSA-N	1	Positive	MSNLIB-POSITIVE	180.102	UPDATE-SINGLE-ANNOTATED-GOLD	Gold		C10H13NO2	ATDWJOOPFDQZNK-UHFFFAOYSA-N	ATDWJOOPFDQZNK	Benzenoids	Phenols	1-hydroxy-2-unsubstituted benzenoids	Tyrosine alkaloids	Phenylethylamines	Alkaloids	mzspec:GNPS:GNPS-LIBRARY:CCMSLIB00012441158
CCMSLIB00005761025	91	specs_ms.mgf	MASSBANK.mgf	0.83197	4619.3	543.371	13.4633	7	0.00369263	274.278	1	temp/specs_ms.mgf91	1	Massbank:LU030804 Lauryldiethanolamine|2-[dodecyl(2-hydroxyethyl)amino]ethanol	ESI	Hybrid FT	Isolated	Massbank	Massbank	M+H	274.274	0.0	1	1541-67-9	N/A	CCCCCCCCCCCCN(CCO)CCO	1S/C16H35NO2/c1-2-3-4-5-6-7-8-9-10-11-12-17(13-15-18)14-16-19/h18-19H,2-16H2,1H3	N/A	3	Positive	MASSBANK	274.274	UPDATE-SINGLE-ANNOTATED-BRONZE	Bronze		C16H35NO2	NKFNBVMJTSYZDV-UHFFFAOYSA-N	NKFNBVMJTSYZDV	Organic nitrogen compounds	Organonitrogen compounds	Amines	Fatty acyls|Fatty amides	Fatty alcohols|N-acyl ethanolamines (endocannabinoids)	Fatty acids	mzspec:GNPS:GNPS-LIBRARY:CCMSLIB00005761025
CCMSLIB00012282092	149	specs_ms.mgf	MSNLIB-POSITIVE.mgf	0.829935	20282.2	549.313	16.2301	14	0.00756836	466.324	1	temp/specs_ms.mgf149	1	Glycocholic acid	ESI	Orbitrap	Crude	Tomas Pluskal	Corinna Brungs	[M+H]+	466.316	465.309	1	N/A	N/A	C[C@H](CCC(=O)NCC(=O)O)[C@H]1CC[C@H]2[C@@H]3[C@H](O)C[C@@H]4C[C@H](O)CC[C@]4(C)[C@H]3C[C@H](O)[C@]12C	InChI=1S/C26H43NO6/c1-14(4-7-22(31)27-13-23(32)33)17-5-6-18-24-19(12-21(30)26(17,18)3)25(2)9-8-16(28)10-15(25)11-20(24)29/h14-21,24,28-30H,4-13H2,1-3H3,(H,27,31)(H,32,33)/t14-,15+,16-,17-,18+,19+,20-,21+,24+,25+,26-/m1/s1	RFDAIACWWDREDC-FRVQLJSFSA-N	1	Positive	MSNLIB-POSITIVE	466.316	UPDATE-SINGLE-ANNOTATED-GOLD	Gold		C26H43NO6	RFDAIACWWDREDC-FRVQLJSFSA-N	RFDAIACWWDREDC	Lipids and lipid-like molecules	Steroids and steroid derivatives	Bile acids, alcohols and derivatives	Steroids	Cholane steroids	Terpenoids	mzspec:GNPS:GNPS-LIBRARY:CCMSLIB00012282092
CCMSLIB00012870527	71	specs_ms.mgf	MSNLIB-POSITIVE.mgf	0.82118	21753.2	450.542	4414.4	6	0.998291	227.142	1	temp/specs_ms.mgf71	1	2-(Cyclopent-3-ene-1-carboxamido)-3,3-dimethylbutanoic acid	ESI	Orbitrap	Commercial	Tomas Pluskal	Corinna Brungs	[M+H]+	226.144	225.136	1	N/A	N/A	CC(C)(C)C(NC(=O)C1CC=CC1)C(=O)O	InChI=1S/C12H19NO3/c1-12(2,3)9(11(15)16)13-10(14)8-6-4-5-7-8/h4-5,8-9H,6-7H2,1-3H3,(H,13,14)(H,15,16)	NDNGILAHKUDFSW-UHFFFAOYSA-N	1	Positive	MSNLIB-POSITIVE	226.144	UPDATE-SINGLE-ANNOTATED-GOLD	Gold		C12H19NO3	NDNGILAHKUDFSW-UHFFFAOYSA-N	NDNGILAHKUDFSW	N/A	N/A	N/A	Small peptides		Amino acids and Peptides	mzspec:GNPS:GNPS-LIBRARY:CCMSLIB00012870527
CCMSLIB00000427133	31	specs_ms.mgf	HMDB.mgf	0.816842	21651.5	284.189	13102.3	5	1.97897	149.061	1	temp/specs_ms.mgf31	1	HMDB:HMDB00020-34 p-Hydroxyphenylacetic acid	Negative	Quattro_QQQ:25eV	Isolated	HMDB	HMDB	M-H	151.04	152.047	1	156-38-7	N/A	OC(=O)CC1=CC=C(O)C=C1	InChI=1S/C8H8O3/c9-7-3-1-6(2-4-7)5-8(10)11/h1-4,9H,5H2,(H,10,11)	N/A	3	Negative	HMDB	151.04	UPDATE-SINGLE-ANNOTATED-BRONZE	Bronze		C8H8O3	XQXPVVBIMDBYFF-UHFFFAOYSA-N	XQXPVVBIMDBYFF	Benzenoids	Phenols	1-hydroxy-2-unsubstituted benzenoids	Phenolic acids (C6-C1)	Simple phenolic acids	Shikimates and Phenylpropanoids	mzspec:GNPS:GNPS-LIBRARY:CCMSLIB00000427133
CCMSLIB00000425767	8	specs_ms.mgf	HMDB.mgf	0.816606	419274.0	280.771	8084.14	5	0.978706	120.086	1	temp/specs_ms.mgf8	1	HMDB:HMDB06236-2480 Phenylacetaldehyde	Positive	Quattro_QQQ:40eV	Isolated	HMDB	HMDB	M+H	121.065	120.058	1	122-78-1	N/A	O=CCC1=CC=CC=C1	InChI=1S/C8H8O/c9-7-6-8-4-2-1-3-5-8/h1-5,7H,6H2	N/A	3	Positive	HMDB	121.065	UPDATE-SINGLE-ANNOTATED-BRONZE	Bronze		C8H8O	DTUQWGWMVIHBKE-UHFFFAOYSA-N	DTUQWGWMVIHBKE	Benzenoids	Benzene and substituted derivatives	Phenylacetaldehydes	Phenylpropanoids (C6-C3)	Cinnamic acids and derivatives	Shikimates and Phenylpropanoids	mzspec:GNPS:GNPS-LIBRARY:CCMSLIB00000425767
CCMSLIB00004721221	124	specs_ms.mgf	MONA.mgf	0.815581	14321.3	436.552	4636.77	6	1.80865	388.259	1	temp/specs_ms.mgf124	1	GALANTHAMINE HYDROBROMIDE	N/A	ESI-QFT	isolated	MoNA	MoNA:VF-NPL-QEHF027640	[M+Na]+	390.068	0.0	1	N/A	N/A	Br.COc1ccc2c3c1OC1CC(O)C=CC31CCN(C)C2	InChI=1S/C17H21NO3.BrH/c1-18-8-7-17-6-5-12(19)9-14(17)21-16-13(20-2)4-3-11(10-18)15(16)17;/h3-6,12,14,19H,7-10H2,1-2H3;1H	N/A	3	positive	MONA	390.068	UPDATE-SINGLE-ANNOTATED-BRONZE	Bronze		C17H22BrNO3	QORVDGQLPPAFRS-UHFFFAOYSA-N	QORVDGQLPPAFRS	Alkaloids and derivatives	Amaryllidaceae alkaloids	Galanthamine-type amaryllidaceae alkaloids	Tyrosine alkaloids	Amarylidaceae alkaloids	Alkaloids	mzspec:GNPS:GNPS-LIBRARY:CCMSLIB00004721221
CCMSLIB00000007114	86	specs_ms.mgf	GNPS-LIBRARY.mgf	0.815506	16528.3	468.269	10.4014	6	0.00271606	261.127	1	temp/specs_ms.mgf86	1	cyclo(Phe-4-Hyp)	DI-ESI	qTof	Isolated	Keyzers	R Keyzers	M+H	261.124	260.116	1	0	N/A	N/A	N/A	N/A	3	Positive	GNPS-LIBRARY	261.124	UPDATE-SINGLE-ANNOTATED-BRONZE	Bronze		N/A	N/A	N/A	N/A	N/A	N/A	N/A	N/A	N/A	mzspec:GNPS:GNPS-LIBRARY:CCMSLIB00000007114
CCMSLIB00000005767	40	specs_ms.mgf	GNPS-SELLECKCHEM-FDA-PART1.mgf	0.8069	12745.9	225.634	6234.64	5	1.00429	160.078	1	temp/specs_ms.mgf40	1	HydralazineHCl	LC-ESI	qTof	Isolated	Sirenas	Ed Esquenazi 	M+H	161.082	196.052	1	N/A	N/A	C1=CC=C2C(=C1)C=NN=C2NN.Cl	InChI=1S/C8H8N4.ClH/c9-11-8-7-4-2-1-3-6(7)5-10-12-8;/h1-5H,9H2,(H,11,12);1H	N/A	3	Positive	GNPS-SELLECKCHEM-FDA-PART1	161.082	UPDATE-SINGLE-ANNOTATED-BRONZE	Bronze		C8H9ClN4	ZUXNZUWOTSUBMN-UHFFFAOYSA-N	ZUXNZUWOTSUBMN	Organoheterocyclic compounds	Diazanaphthalenes	Benzodiazines			Alkaloids	mzspec:GNPS:GNPS-LIBRARY:CCMSLIB00000005767
CCMSLIB00003136360	59	specs_ms.mgf	GNPS-NIST14-MATCHES.mgf	0.795916	22873.8	276.971	10581.0	5	1.98018	189.125	1	temp/specs_ms.mgf59	1	Spectral Match to Ile-Ile-Lys from NIST14	ESI	qTof	Isolated	Data from Pieter Dorrestein	Data deposited by lfnothias	M+2H	187.145	372.274	1	N/A	N/A	CC[C@H](C)[C@@H](C(=O)N[C@@H]([C@@H](C)CC)C(=O)N[C@@H](CCCCN)C(=O)O)N	InChI=1S/C18H36N4O4/c1-5-11(3)14(20)16(23)22-15(12(4)6-2)17(24)21-13(18(25)26)9-7-8-10-19/h11-15H,5-10,19-20H2,1-4H3,(H,21,24)(H,22,23)(H,25,26)/t11-,12-,13-,14-,15-/m0/s1	N/A	3	Positive	GNPS-NIST14-MATCHES	187.145	UPDATE-SINGLE-ANNOTATED-BRONZE	Bronze		C18H36N4O4	CSQNHSGHAPRGPQ-YTFOTSKYSA-N	CSQNHSGHAPRGPQ	Organic acids and derivatives	Carboxylic acids and derivatives	Amino acids, peptides, and analogues	Small peptides	Dipeptides|Tripeptides	Amino acids and Peptides	mzspec:GNPS:GNPS-LIBRARY:CCMSLIB00003136360
CCMSLIB00012440742	66	specs_ms.mgf	MSNLIB-POSITIVE.mgf	0.791954	13112.5	473.402	13.0081	5	0.00274658	211.147	1	temp/specs_ms.mgf66	1	5654-86-4	ESI	Orbitrap	Crude	Tomas Pluskal	Corinna Brungs	[M+H]+	211.144	210.137	1	N/A	N/A	CC(C)CC1NC(=O)C2CCCN2C1=O	InChI=1S/C11H18N2O2/c1-7(2)6-8-11(15)13-5-3-4-9(13)10(14)12-8/h7-9H,3-6H2,1-2H3,(H,12,14)	SZJNCZMRZAUNQT-UHFFFAOYSA-N	1	Positive	MSNLIB-POSITIVE	211.144	UPDATE-SINGLE-ANNOTATED-GOLD	Gold		C11H18N2O2	SZJNCZMRZAUNQT-UHFFFAOYSA-N	SZJNCZMRZAUNQT	Organic acids and derivatives	Carboxylic acids and derivatives	Amino acids, peptides, and analogues	Small peptides	Dipeptides	Amino acids and Peptides	mzspec:GNPS:GNPS-LIBRARY:CCMSLIB00012440742
CCMSLIB00012821401	82	specs_ms.mgf	MSNLIB-NEGATIVE.mgf	0.791677	10314.3	199.935	3596.28	5	0.917343	254.164	1	temp/specs_ms.mgf82	1	Z756466130	ESI	Orbitrap	Commercial	Tomas Pluskal	Corinna Brungs	[M-H]-	255.081	256.088	-1	N/A	N/A	Cc1c(C(=O)N[C@H](C(=O)O)C(C)(C)C)scn1	InChI=1S/C11H16N2O3S/c1-6-7(17-5-12-6)9(14)13-8(10(15)16)11(2,3)4/h5,8H,1-4H3,(H,13,14)(H,15,16)/t8-/m1/s1	BXXUPNIEAXMYKI-MRVPVSSYSA-N	1	Negative	MSNLIB-NEGATIVE	255.081	UPDATE-SINGLE-ANNOTATED-GOLD	Gold		C11H16N2O3S	BXXUPNIEAXMYKI-MRVPVSSYSA-N	BXXUPNIEAXMYKI	N/A	N/A	N/A	Small peptides	Dipeptides	Amino acids and Peptides	mzspec:GNPS:GNPS-LIBRARY:CCMSLIB00012821401
CCMSLIB00012352516	49	specs_ms.mgf	MSNLIB-POSITIVE.mgf	0.790148	9148.9	469.42	11.7765	6	0.00212097	180.104	1	temp/specs_ms.mgf49	1	N-Acetyltyramine	ESI	Orbitrap	Crude	Tomas Pluskal	Corinna Brungs	[M+H]+	180.102	179.095	1	N/A	N/A	CC(=O)NCCc1ccc(O)cc1	InChI=1S/C10H13NO2/c1-8(12)11-7-6-9-2-4-10(13)5-3-9/h2-5,13H,6-7H2,1H3,(H,11,12)	ATDWJOOPFDQZNK-UHFFFAOYSA-N	1	Positive	MSNLIB-POSITIVE	180.102	UPDATE-SINGLE-ANNOTATED-GOLD	Gold		C10H13NO2	ATDWJOOPFDQZNK-UHFFFAOYSA-N	ATDWJOOPFDQZNK	Benzenoids	Phenols	1-hydroxy-2-unsubstituted benzenoids	Tyrosine alkaloids	Phenylethylamines	Alkaloids	mzspec:GNPS:GNPS-LIBRARY:CCMSLIB00012352516
CCMSLIB00012364213	154	specs_ms.mgf	MSNLIB-NEGATIVE.mgf	0.787753	18920.7	444.354	294.656	5	0.142365	483.297	1	temp/specs_ms.mgf154	1	3-(4-chlorophenyl)-N-[2-(5-methoxy-1H-indol-3-yl)ethyl]-4-(1H-tetrazol-1-yl)butanamide	ESI	Orbitrap	Crude	Tomas Pluskal	Corinna Brungs	[M+FA]-	483.155	438.157	1	N/A	N/A	COc1cc2c(cc1)[nH]cc2CCNC(=O)CC(Cn1cnnn1)c1ccc(Cl)cc1	InChI=1S/C22H23ClN6O2/c1-31-19-6-7-21-20(11-19)16(12-25-21)8-9-24-22(30)10-17(13-29-14-26-27-28-29)15-2-4-18(23)5-3-15/h2-7,11-12,14,17,25H,8-10,13H2,1H3,(H,24,30)	NGCLBWFRNYUGLC-UHFFFAOYSA-N	1	Negative	MSNLIB-NEGATIVE	483.155	UPDATE-SINGLE-ANNOTATED-GOLD	Gold		C22H23ClN6O2	NGCLBWFRNYUGLC-UHFFFAOYSA-N	NGCLBWFRNYUGLC	Organoheterocyclic compounds	Indoles and derivatives	Indoles	Histidine alkaloids	Imidazole alkaloids	Alkaloids	mzspec:GNPS:GNPS-LIBRARY:CCMSLIB00012364213
CCMSLIB00016347929	81	specs_ms.mgf	GNPS-ALKYLAMINES-LIBRARY.mgf	0.770508	6492.8	206.182	3789.85	5	0.925583	245.153	1	temp/specs_ms.mgf81	1	Leucine_3-Octanone (known isomers: 0; isobaric peaks in run: 1)	LC-ESI	Orbitrap	Crude	Pieter Dorrestein	Julius	[M+H]+	244.227	243.22	1	N/A	3-Octanone_Amine_batch2_P2_E4.mzML:scan:884	CCCCCC(CC)NC(CC(C)C)C(=O)O	InChI=1S/C14H29NO2/c1-5-7-8-9-12(6-2)15-13(14(16)17)10-11(3)4/h11-13,15H,5-10H2,1-4H3,(H,16,17)		1	Positive	GNPS-ALKYLAMINES-LIBRARY	244.227	UPDATE-SINGLE-ANNOTATED-GOLD	Gold		C14H29NO2	FCHIDZRHVIEIQO-UHFFFAOYSA-N	FCHIDZRHVIEIQO	N/A	N/A	N/A	Fatty Acids and Conjugates	Branched fatty acids	Fatty acids	mzspec:GNPS:GNPS-LIBRARY:CCMSLIB00016347929
CCMSLIB00009918988	73	specs_ms.mgf	GNPS-LIBRARY.mgf	0.768359	8015.4	399.81	8553.37	5	1.97697	229.157	1	temp/specs_ms.mgf73	1	Proline 	LC-ESI	Orbitrap	Lysate	Koellensperger	Yasin El Abiead	2M+H	231.134	0.0	0	344-25-2	N/A	OC(=O)[C@H]1CCCN1	InChI=1S/C5H9NO2/c7-5(8)4-2-1-3-6-4/h4,6H,1-3H2,(H,7,8)/t4-/m1/s1	N/A	3	Positive	GNPS-LIBRARY	231.134	UPDATE-SINGLE-ANNOTATED-BRONZE	Bronze		C5H9NO2	ONIBWKKTOPOVIA-SCSAIBSYSA-N	ONIBWKKTOPOVIA	Organic acids and derivatives	Carboxylic acids and derivatives	Amino acids, peptides, and analogues	Small peptides	Aminoacids|Dipeptides	Amino acids and Peptides	mzspec:GNPS:GNPS-LIBRARY:CCMSLIB00009918988
CCMSLIB00005723451	57	specs_ms.mgf	GNPS-LIBRARY.mgf	0.767038	5718.9	268.015	4914.89	5	0.924805	189.089	1	temp/specs_ms.mgf57	1	Leucine butyl ester	LC-ESI	Orbitrap	Other	Cheng-Chih Hsu	Hsin-Hsiang Chung	M+H	188.164	187.16	1	N/A	N/A	CCCCOC(=O)C(N)CC(C)C	InChI=1S/C10H21NO2/c1-4-5-6-13-10(12)9(11)7-8(2)3/h8-9H,4-7,11H2,1-3H3	N/A	3	Positive	GNPS-LIBRARY	188.164	UPDATE-SINGLE-ANNOTATED-BRONZE	Bronze		C10H21NO2	HYPLQEHLQMSBKE-UHFFFAOYSA-N	HYPLQEHLQMSBKE	Organic acids and derivatives	Carboxylic acids and derivatives	Amino acids, peptides, and analogues	Fatty esters	Wax monoesters	Fatty acids	mzspec:GNPS:GNPS-LIBRARY:CCMSLIB00005723451
CCMSLIB00016344553	76	specs_ms.mgf	GNPS-ALKYLAMINES-LIBRARY.mgf	0.756748	5423.9	211.635	232.797	6	0.0552063	237.089	1	temp/specs_ms.mgf76	1	Hydroxylysine_Dihydroxyacetone (known isomers: 1; isobaric peaks in run: 1)	LC-ESI	Orbitrap	Crude	Pieter Dorrestein	Julius	[M+H]+	237.144	236.137	1	N/A	Dihydroxyacetone_Amine_batch3_P3_F6.mzML:scan:1729	CC(NCC(O)CC[C@H](N)C(=O)O)C(O)O	InChI=1S/C9H20N2O5/c1-5(8(13)14)11-4-6(12)2-3-7(10)9(15)16/h5-8,11-14H,2-4,10H2,1H3,(H,15,16)/t5?,6?,7-/m0/s1	InChI=1S/C9H20N2O5/c1-5(8(13)14)11-7(9(15)16)3-2-6(12)4-10/h5-8,11-14H,2-4,10H2,1H3,(H,15,16)/t5?,6?,7-/m0/s1 [M+H]+	1	Positive	GNPS-ALKYLAMINES-LIBRARY	237.144	UPDATE-SINGLE-ANNOTATED-GOLD	Gold		C9H20N2O5	TZBIAYPRDAERFG-AHXFUIDQSA-N	TZBIAYPRDAERFG	N/A	N/A	N/A	Small peptides	Aminoacids	Amino acids and Peptides	mzspec:GNPS:GNPS-LIBRARY:CCMSLIB00016344553
CCMSLIB00005464700	161	specs_ms.mgf	BILELIB19.mgf	0.754026	12054.6	597.988	15.1275	15	0.00753784	498.296	1	temp/specs_ms.mgf161	1	"""2-((4R)-4-((3R,5R,7R,8R,9S,10S,12S,13R,17R)-3,7,12-trihydroxy-10,13-dimethylhexadecahydro-1H-cyclopenta[a]phenanthren-17-yl)pentanamido)ethane-1-sulfonic acid"""	ESI	qTof	crude	Dorrestein	Emily Gentry	M-H2O+H	498.288	515.292	1			C[C@@H]([C@H]1CC[C@]2([H])[C@]1(C)[C@@H](O)C[C@@]3([H])[C@@]2([H])[C@H](O)C[C@]4([H])[C@]3(C)CC[C@@H](O)C4)CCC(NCCS(=O)(O)=O)=O	"""InChI=1S/C26H45NO7S/c1-15(4-7-23(31)27-10-11-35(32,33)34)18-5-6-19-24-20(14-22(30)26(18,19)3)25(2)9-8-17(28)12-16(25)13-21(24)29/h15-22,24,28-30H,4-14H2,1-3H3,(H,27,31)(H,32,33,34)/t15-,16-,17-,18-,19+,20+,21-,22+,24+,25+,26-/m1/s1"""	N/A	1	Positive	BILELIB19	498.288	UPDATE-SINGLE-ANNOTATED-GOLD	Gold		C26H45NO7S	WBWWGRHZICKQGZ-FETCCXJJSA-N	WBWWGRHZICKQGZ	Lipids and lipid-like molecules	Steroids and steroid derivatives	Bile acids, alcohols and derivatives	Steroids	Cholane steroids	Terpenoids	mzspec:GNPS:GNPS-LIBRARY:CCMSLIB00005464700
CCMSLIB00005739084	65	specs_ms.mgf	MASSBANK.mgf	0.74493	6121.8	248.773	159.927	5	0.0337677	211.11	1	temp/specs_ms.mgf65	1	Massbank:PR311142 Cyclo(leucylprolyl)	ESI	qTof	Isolated	Massbank	Massbank	M+H	211.144	0.0	1	N/A	N/A	O=C1NC(C(=O)N2CCCC12)CC(C)C	1S/C11H18N2O2/c1-7(2)6-8-11(15)13-5-3-4-9(13)10(14)12-8/h7-9H,3-6H2,1-2H3,(H,12,14)	N/A	3	Positive	MASSBANK	211.144	UPDATE-SINGLE-ANNOTATED-BRONZE	Bronze		C11H18N2O2	SZJNCZMRZAUNQT-UHFFFAOYSA-N	SZJNCZMRZAUNQT	Organic acids and derivatives	Carboxylic acids and derivatives	Amino acids, peptides, and analogues	Small peptides	Dipeptides	Amino acids and Peptides	mzspec:GNPS:GNPS-LIBRARY:CCMSLIB00005739084
CCMSLIB00004698563	203	specs_ms.mgf	MONA.mgf	0.740762	20822.3	457.091	1726.51	6	1.04858	608.392	1	temp/specs_ms.mgf203	1	dehydroxynocardamine	N/A	ESI-QFT	isolated	MoNA	MoNA:VF-NPL-QEHF007500	[M+Na]+	607.343	0.0	1	N/A	N/A	O=C1CCC(O)=NCCCCCN=C(O)CCC(O)=NCCCCCN(O)C(=O)CCC(O)=NCCCCCN1O	InChI=1S/C27H48N6O8/c34-22-10-11-23(35)29-18-6-2-8-20-32(40)27(39)15-13-25(37)31-19-7-3-9-21-33(41)26(38)14-12-24(36)30-17-5-1-4-16-28-22/h40-41H,1-21H2,(H,28,34)(H,29,35)(H,30,36)(H,31,37)	N/A	3	positive	MONA	607.343	UPDATE-SINGLE-ANNOTATED-BRONZE	Bronze		C27H48N6O8	ABHHIGWFFMCQOC-UHFFFAOYSA-N	ABHHIGWFFMCQOC	N/A	N/A	N/A			Alkaloids	mzspec:GNPS:GNPS-LIBRARY:CCMSLIB00004698563
CCMSLIB00005435982	233	specs_ms.mgf	GNPS-LIBRARY.mgf	0.737599	13120.1	618.437	16.1251	9	0.0131836	817.595	1	temp/specs_ms.mgf233	1	Cholic acid	LC-ESI	qTof	Commercial	Uwe Karst	Robin Schmid	2M+H	817.582	408.288	1	81-25-4	 	[H][C@@]12C[C@H](O)CC[C@]1(C)[C@@]1([H])C[C@H](O)[C@]3(C)[C@]([H])(CC[C@@]3([H])[C@]1([H])[C@H](O)C2)[C@H](C)CCC(O)=O	InChI=1S/C24H40O5/c1-13(4-7-21(28)29)16-5-6-17-22-18(12-20(27)24(16,17)3)23(2)9-8-15(25)10-14(23)11-19(22)26/h13-20,22,25-27H,4-12H2,1-3H3,(H,28,29)/t13-,14+,15-,16-,17+,18+,19-,20+,22+,23+,24-/m1/s1	BHQCQFFYRZLCQQ-OELDTZBJSA-N	3	Positive	GNPS-LIBRARY	817.582	UPDATE-SINGLE-ANNOTATED-BRONZE	Bronze		C24H40O5	BHQCQFFYRZLCQQ-OELDTZBJSA-N	BHQCQFFYRZLCQQ	Lipids and lipid-like molecules	Steroids and steroid derivatives	Bile acids, alcohols and derivatives	Steroids	Cholane steroids	Terpenoids	mzspec:GNPS:GNPS-LIBRARY:CCMSLIB00005435982
CCMSLIB00012361803	121	specs_ms.mgf	MSNLIB-POSITIVE.mgf	0.73326	10299.5	617.86	14.3891	9	0.00537109	373.279	1	temp/specs_ms.mgf121	1	cholic acid	ESI	Orbitrap	Crude	Tomas Pluskal	Corinna Brungs	[M+H-2H2O]+	373.274	408.288	1	N/A	N/A	C[C@H](CCC(=O)O)[C@H]1CC[C@H]2[C@@H]3[C@H](O)C[C@@H]4C[C@H](O)CC[C@]4(C)[C@H]3C[C@H](O)[C@]12C	InChI=1S/C24H40O5/c1-13(4-7-21(28)29)16-5-6-17-22-18(12-20(27)24(16,17)3)23(2)9-8-15(25)10-14(23)11-19(22)26/h13-20,22,25-27H,4-12H2,1-3H3,(H,28,29)/t13-,14+,15-,16-,17+,18+,19-,20+,22+,23+,24-/m1/s1	BHQCQFFYRZLCQQ-OELDTZBJSA-N	1	Positive	MSNLIB-POSITIVE	373.274	UPDATE-SINGLE-ANNOTATED-GOLD	Gold		C24H40O5	BHQCQFFYRZLCQQ-OELDTZBJSA-N	BHQCQFFYRZLCQQ	Lipids and lipid-like molecules	Steroids and steroid derivatives	Bile acids, alcohols and derivatives	Steroids	Cholane steroids	Terpenoids	mzspec:GNPS:GNPS-LIBRARY:CCMSLIB00012361803
CCMSLIB00006683567	42	specs_ms.mgf	MONA.mgf	0.73004	19195.7	207.835	6200.13	5	1.02975	165.056	1	temp/specs_ms.mgf42	1	PHENYLALANINE	ESI	qTof	isolated	MoNA	MoNA:MoNA032724	M+H	166.086	0.0	1	N/A	N/A	C1=CC=C(C=C1)C[C@@H](C(=O)O)N	"""InChI=1S/C9H11NO2/c10-8(9(11)12)6-7-4-2-1-3-5-7/h1-5,8H,6,10H2,(H,11,12)/t8-/m0/s1"""	N/A	3	positive	MONA	166.086	UPDATE-SINGLE-ANNOTATED-BRONZE	Bronze		C9H11NO2	COLNVLDHVKWLRT-QMMMGPOBSA-N	COLNVLDHVKWLRT	Organic acids and derivatives	Carboxylic acids and derivatives	Amino acids, peptides, and analogues	Small peptides	Aminoacids	Amino acids and Peptides|Shikimates and Phenylpropanoids	mzspec:GNPS:GNPS-LIBRARY:CCMSLIB00006683567
CCMSLIB00012284422	151	specs_ms.mgf	MSNLIB-POSITIVE.mgf	0.726818	34683.7	446.589	3950.75	5	1.88925	476.312	1	temp/specs_ms.mgf151	1	MRS-1191	ESI	Orbitrap	Crude	Tomas Pluskal	Corinna Brungs	[M+H]+	478.201	477.194	1	N/A	N/A	CCOC(=O)C1=C(C)NC(c2ccccc2)=C(C(=O)OCc2ccccc2)C1C#Cc1ccccc1	InChI=1S/C31H27NO4/c1-3-35-30(33)27-22(2)32-29(25-17-11-6-12-18-25)28(26(27)20-19-23-13-7-4-8-14-23)31(34)36-21-24-15-9-5-10-16-24/h4-18,26,32H,3,21H2,1-2H3	SNVFDPHQAOXWJZ-UHFFFAOYSA-N	1	Positive	MSNLIB-POSITIVE	478.201	UPDATE-SINGLE-ANNOTATED-GOLD	Gold		C24H25NO4	SNVFDPHQAOXWJZ-UHFFFAOYSA-N	SNVFDPHQAOXWJZ	Phenylpropanoids and polyketides	Cinnamic acids and derivatives	Cinnamic acid esters				mzspec:GNPS:GNPS-LIBRARY:CCMSLIB00012284422
CCMSLIB00006678144	214	specs_ms.mgf	GNPS-LIBRARY.mgf	0.722508	18011.5	1029.01	14.2453	11	0.00891113	625.56	1	temp/specs_ms.mgf214	1	OL (32:0)	LC-ESI	Orbitrap	Other	S Ding	Su Ding	M+H	625.551	0.0	1	N/A	N/A	N/A	N/A	N/A	3	Positive	GNPS-LIBRARY	625.551	UPDATE-SINGLE-ANNOTATED-BRONZE	Bronze		N/A	N/A	N/A	N/A	N/A	N/A	N/A	N/A	N/A	mzspec:GNPS:GNPS-LIBRARY:CCMSLIB00006678144
CCMSLIB00012874663	58	specs_ms.mgf	MSNLIB-POSITIVE.mgf	0.719396	4848.4	267.359	5299.59	5	0.996811	189.089	1	temp/specs_ms.mgf58	1	1042644-86-9 (Chimeric precursor selection)	ESI	Orbitrap	Commercial	Tomas Pluskal	Corinna Brungs	[M+H]+	188.092	187.084	1	N/A	N/A	O=C(O)CNC(=O)C1CCOCC1	InChI=1S/C8H13NO4/c10-7(11)5-9-8(12)6-1-3-13-4-2-6/h6H,1-5H2,(H,9,12)(H,10,11)	SPNLQHQUMYYRHB-UHFFFAOYSA-N	1	Positive	MSNLIB-POSITIVE	188.092	UPDATE-SINGLE-ANNOTATED-GOLD	Gold		C8H13NO4	SPNLQHQUMYYRHB-UHFFFAOYSA-N	SPNLQHQUMYYRHB	N/A	N/A	N/A	Small peptides	Aminoacids	Amino acids and Peptides	mzspec:GNPS:GNPS-LIBRARY:CCMSLIB00012874663
CCMSLIB00013641099	131	specs_ms.mgf	3-HYDROXY-ACYL-AMIDES-LIBRARY.mgf	0.714932	6439.4	814.53	2189.7	6	0.929016	423.338	1	temp/specs_ms.mgf131	1	3-hydroxyhexadecanoyl glutamic acid [M+Na]+	LC-ESI	Orbitrap	Crude	Pieter Dorrestein	victoriadeleray	[M+Na]+	424.267	401.278	1	N/A	N/A	CCCCCCCCCCCCCC(O)CC(=O)N[C@@H](CCC(=O)O)C(=O)O	"""InChI=1S/C21H39NO6/c1-2-3-4-5-6-7-8-9-10-11-12-13-17(23)16-19(24)22-18(21(27)28)14-15-20(25)26/h17-18,23H,2-16H2,1H3,(H,22,24)(H,25,26)(H,27,28)/t17?,18-/m0/s1"""	"""InChI=1S/C21H39NO6/c1-2-3-4-5-6-7-8-9-10-11-12-13-17(23)16-19(24)22-18(21(27)28)14-15-20(25)26/h17-18,23H,2-16H2,1H3,(H,22,24)(H,25,26)(H,27,28)/t17?,18-/m0/s1 [M+Na]+"""	1	Positive	3-HYDROXY-ACYL-AMIDES-LIBRARY	424.267	UPDATE-SINGLE-ANNOTATED-GOLD	Gold		C21H39NO6	AQACJCDWHULJHK-ZVAWYAOSSA-N	AQACJCDWHULJHK	N/A	N/A	N/A	Fatty amides	N-acyl amines	Fatty acids	mzspec:GNPS:GNPS-LIBRARY:CCMSLIB00013641099
CCMSLIB00004715668	187	specs_ms.mgf	MONA.mgf	0.712949	20233.3	872.979	2183.47	5	1.2428	570.429	1	temp/specs_ms.mgf187	1	5-methoxy-3-methyl-4-[(2S,3R,4S,5S,6R)-3,4,5-trihydroxy-6-[[(2R,3R,4S,5S,6R)-3,4,5-trihydroxy-6-(hydroxymethyl)oxan-2-yl]oxymethyl]oxan-2-yl]oxy-3H-benzo[f][2]benzofuran-1-one	N/A	ESI-QFT	isolated	MoNA	MoNA:VF-NPL-QEHF024605	[M+H]+	569.186	0.0	1	N/A	N/A	COc1cccc2cc3c(c(O[C@@H]4O[C@H](CO[C@@H]5O[C@H](CO)[C@@H](O)[C@H](O)[C@H]5O)[C@@H](O)[C@H](O)[C@H]4O)c12)C(C)OC3=O	InChI=1S/C26H32O14/c1-9-15-11(24(34)37-9)6-10-4-3-5-12(35-2)16(10)23(15)40-26-22(33)20(31)18(29)14(39-26)8-36-25-21(32)19(30)17(28)13(7-27)38-25/h3-6,9,13-14,17-22,25-33H,7-8H2,1-2H3/t9?,13-,14-,17-,18-,19+,20+,21-,22-,25-,26+/m1/s1	N/A	3	positive	MONA	569.186	UPDATE-SINGLE-ANNOTATED-BRONZE	Bronze		C26H32O14	PAEOIXITAYMQRF-BYSCJPLWSA-N	PAEOIXITAYMQRF	Organic oxygen compounds	Organooxygen compounds	Carbohydrates and carbohydrate conjugates	Naphthalenes	Naphthalenes and derivatives	Polyketides	mzspec:GNPS:GNPS-LIBRARY:CCMSLIB00004715668
CCMSLIB00003136698	84	specs_ms.mgf	GNPS-NIST14-MATCHES.mgf	0.712612	12450.5	192.985	8.79648	5	0.00228882	260.199	1	temp/specs_ms.mgf84	1	Spectral Match to Lys-Leu from NIST14	ESI	qTof	Isolated	Data from Pieter Dorrestein	Data deposited by lfnothias	M+H	260.197	259.19	1	N/A	N/A	CC(C)C[C@@H](C(=O)O)NC(=O)[C@H](CCCCN)N	InChI=1S/C12H25N3O3/c1-8(2)7-10(12(17)18)15-11(16)9(14)5-3-4-6-13/h8-10H,3-7,13-14H2,1-2H3,(H,15,16)(H,17,18)/t9-,10-/m0/s1	N/A	3	Positive	GNPS-NIST14-MATCHES	260.197	UPDATE-SINGLE-ANNOTATED-BRONZE	Bronze		C12H25N3O3	ATIPDCIQTUXABX-UWVGGRQHSA-N	ATIPDCIQTUXABX	N/A	N/A	N/A	Small peptides	Dipeptides	Amino acids and Peptides	mzspec:GNPS:GNPS-LIBRARY:CCMSLIB00003136698
CCMSLIB00005883855	4	specs_ms.mgf	GNPS-LIBRARY.mgf	0.705521	12786.1	167.421	10.5958	5	0.00125122	118.087	1	temp/specs_ms.mgf4	1	L-VALINE - 70.0 eV	ESI	Orbitrap	Isolated	Madeleine Ernst	Anna Abrahamsson	M+H	118.086	0.0	1	72-18-4	N/A	CC(C)[C@H](N)C(O)=O	InChI=1S/C5H11NO2/c1-3(2)4(6)5(7)8/h3-4H,6H2,1-2H3,(H,7,8)/t4-/m0/s1	N/A	1	Positive	GNPS-LIBRARY	118.086	UPDATE-SINGLE-ANNOTATED-GOLD	Gold		C5H11NO2	KZSNJWFQEVHDMF-BYPYZUCNSA-N	KZSNJWFQEVHDMF	Organic acids and derivatives	Carboxylic acids and derivatives	Amino acids, peptides, and analogues	Small peptides	Aminoacids	Amino acids and Peptides	mzspec:GNPS:GNPS-LIBRARY:CCMSLIB00005883855
CCMSLIB00006121638	12	specs_ms.mgf	BIRMINGHAM-UHPLC-MS-POS.mgf	0.705033	14126.2	167.822	7635.19	5	0.985443	130.051	1	temp/specs_ms.mgf12	1	Dihydrothymine - 40.0 eV	ESI	Orbitrap	Isolated	PI	Data Collector	M+H	129.066	0.0	1		N/A	CC1CNC(=O)NC1=O	InChI=1S/C5H8N2O2/c1-3-2-6-5(9)7-4(3)8/h3H,2H2,1H3,(H2,6,7,8,9)	N/A	1	Positive	BIRMINGHAM-UHPLC-MS-POS	129.066	UPDATE-SINGLE-ANNOTATED-GOLD	Gold		C5H8N2O2	NBAKTGXDIBVZOO-UHFFFAOYSA-N	NBAKTGXDIBVZOO	Organoheterocyclic compounds	Diazines	Pyrimidines and pyrimidine derivatives			Alkaloids	mzspec:GNPS:GNPS-LIBRARY:CCMSLIB00006121638
CCMSLIB00005464875	237	specs_ms.mgf	BILELIB19.mgf	0.70087	15366.6	553.983	14.8063	11	0.0137939	931.639	1	temp/specs_ms.mgf237	1	"""((R)-4-((3R,5S,7S,8R,9S,10S,12S,13R,14S,17R)-3,7,12-trihydroxy-10,13-dimethylhexadecahydro-1H-cyclopenta[a]phenanthren-17-yl)pentanoyl)glycine"""	ESI	qTof	crude	Dorrestein	Emily Gentry	2M+H	931.625	465.309	1			C[C@@H]([C@H]1CC[C@]2([H])[C@]1(C)[C@@H](O)C[C@@]3([H])[C@@]2([H])[C@@H](O)C[C@@]4([H])[C@]3(C)CC[C@@H](O)C4)CCC(NCC(O)=O)=O	"""InChI=1S/C26H43NO6/c1-14(4-7-22(31)27-13-23(32)33)17-5-6-18-24-19(12-21(30)26(17,18)3)25(2)9-8-16(28)10-15(25)11-20(24)29/h14-21,24,28-30H,4-13H2,1-3H3,(H,27,31)(H,32,33)/t14-,15+,16-,17-,18+,19+,20+,21+,24+,25+,26-/m1/s1"""	N/A	1	Positive	BILELIB19	931.625	UPDATE-SINGLE-ANNOTATED-GOLD	Gold		C26H43NO6	RFDAIACWWDREDC-IFZPJRIXSA-N	RFDAIACWWDREDC	Lipids and lipid-like molecules	Steroids and steroid derivatives	Bile acids, alcohols and derivatives	Steroids	Cholane steroids	Terpenoids	mzspec:GNPS:GNPS-LIBRARY:CCMSLIB00005464875
