cluster index	number of spectra	parent mass	precursor charge	precursor mass	sum(precursor intensity)	RTMean	ATTRIBUTE_PERFILEGROUPING:GNPSGROUP:1-1A01.mzML	ATTRIBUTE_PERFILEGROUPING:GNPSGROUP:bkgrnd-marine-broth.mzML	ATTRIBUTE_PERFILEGROUPING	component	SpectrumID	#Scan#	SpectrumFile	LibraryName	MQScore	TIC_Query	RT_Query	MZErrorPPM	SharedPeaks	MassDiff	SpecMZ	SpecCharge	FileScanUniqueID	NumberHits	Compound_Name	Ion_Source	Instrument	Compound_Source	PI	Data_Collector	Adduct	Precursor_MZ	ExactMass	Charge	CAS_Number	Pubmed_ID	Smiles	INCHI	INCHI_AUX	Library_Class	IonMode	Organism	LibMZ	UpdateWorkflowName	LibraryQualityString	tags	molecular_formula	InChIKey	InChIKey-Planar	superclass	class	subclass	npclassifier_superclass	npclassifier_class	npclassifier_pathway	library_usi
1	22	110.00994110107398	1	110.00994110107398	0.0	118.19745454545456	11	11	1-1A01.mzML,bkgrnd-marine-broth.mzML	2																																														
2	2	110.009941101074	1	110.009941101074	0.0	106.635	1	1	1-1A01.mzML,bkgrnd-marine-broth.mzML	2																																														
3	12	117.07435989379898	1	117.07435989379896	0.0	463.2875	6	6	1-1A01.mzML,bkgrnd-marine-broth.mzML	-1	CCMSLIB00006121072	3.0	specs_ms.mgf	BIRMINGHAM-UHPLC-MS-NEG.mgf	0.851206	13521.3	461.42	8958.61	5.0	1.03951	117.075	1.0	temp/specs_ms.mgf3	1.0	Aceturic acid - 30.0 eV	ESI	Orbitrap	Isolated	PI	Data Collector	M-H	116.035	0.0	1.0			C/C(=N/CC(=O)O)/O	InChI=1S/C4H7NO3/c1-3(6)5-2-4(7)8/h2H2,1H3,(H,5,6)(H,7,8)		1.0	Negative	BIRMINGHAM-UHPLC-MS-NEG	116.035	UPDATE-SINGLE-ANNOTATED-GOLD	Gold		C4H7NO3	OKJIRPAQVSHGFK-UHFFFAOYSA-N	OKJIRPAQVSHGFK	Organic acids and derivatives	Carboxylic acids and derivatives	Amino acids, peptides, and analogues	Small peptides	Dipeptides	Amino acids and Peptides	mzspec:GNPS:GNPS-LIBRARY:CCMSLIB00006121072
4	36	118.08741378784202	1	118.0874137878421	0.0	166.0195	18	18	1-1A01.mzML,bkgrnd-marine-broth.mzML	2	CCMSLIB00005883855	4.0	specs_ms.mgf	GNPS-LIBRARY.mgf	0.705521	12786.1	167.421	10.5958	5.0	0.00125122	118.087	1.0	temp/specs_ms.mgf4	1.0	L-VALINE - 70.0 eV	ESI	Orbitrap	Isolated	Madeleine Ernst	Anna Abrahamsson	M+H	118.086	0.0	1.0	72-18-4		CC(C)[C@H](N)C(O)=O	InChI=1S/C5H11NO2/c1-3(2)4(6)5(7)8/h3-4H,6H2,1-2H3,(H,7,8)/t4-/m0/s1		1.0	Positive	GNPS-LIBRARY	118.086	UPDATE-SINGLE-ANNOTATED-GOLD	Gold		C5H11NO2	KZSNJWFQEVHDMF-BYPYZUCNSA-N	KZSNJWFQEVHDMF	Organic acids and derivatives	Carboxylic acids and derivatives	Amino acids, peptides, and analogues	Small peptides	Aminoacids	Amino acids and Peptides	mzspec:GNPS:GNPS-LIBRARY:CCMSLIB00005883855
5	15	120.0820866902672	1	120.0820866902672	0.0	300.00526666666667	3	12	1-1A01.mzML,bkgrnd-marine-broth.mzML	2																																														
6	15	120.0820866902672	1	120.0820866902672	0.0	300.1966	3	12	1-1A01.mzML,bkgrnd-marine-broth.mzML	2																																														
7	3	120.08581288655633	1	120.08581288655633	0.0	280.70733333333334	0	3	bkgrnd-marine-broth.mzML	2	CCMSLIB00000220114	7.0	specs_ms.mgf	MASSBANK.mgf	0.861512	347967.0	282.959	15686.1	5.0	1.9137	120.086	1.0	temp/specs_ms.mgf7	1.0	Massbank:KO003794 Phenylethylamine(2)|beta-Phenylethylamine|Phenethylamine|2-Phenylethylamine|Phenylethylamine	ESI	LC-ESI-QQ	Isolated	Putative Massbank Match	Massbank	[M+H]+	122.0	0.0	1.0	64-04-0		NCCc(c1)cccc1	1S/C8H11N/c9-7-6-8-4-2-1-3-5-8/h1-5H,6-7,9H2		3.0	Positive	MASSBANK	122.0	UPDATE-SINGLE-ANNOTATED-BRONZE	Bronze		C8H11N	BHHGXPLMPWCGHP-UHFFFAOYSA-N	BHHGXPLMPWCGHP	Benzenoids	Benzene and substituted derivatives	Phenethylamines	Tyrosine alkaloids	Phenylethylamines	Alkaloids	mzspec:GNPS:GNPS-LIBRARY:CCMSLIB00000220114
8	3	120.08581288655633	1	120.08581288655633	0.0	280.8983333333333	0	3	bkgrnd-marine-broth.mzML	2	CCMSLIB00000425767	8.0	specs_ms.mgf	HMDB.mgf	0.816606	419274.0	280.771	8084.14	5.0	0.978706	120.086	1.0	temp/specs_ms.mgf8	1.0	HMDB:HMDB06236-2480 Phenylacetaldehyde	Positive	Quattro_QQQ:40eV	Isolated	HMDB	HMDB	M+H	121.065	120.058	1.0	122-78-1		O=CCC1=CC=CC=C1	InChI=1S/C8H8O/c9-7-6-8-4-2-1-3-5-8/h1-5,7H,6H2		3.0	Positive	HMDB	121.065	UPDATE-SINGLE-ANNOTATED-BRONZE	Bronze		C8H8O	DTUQWGWMVIHBKE-UHFFFAOYSA-N	DTUQWGWMVIHBKE	Benzenoids	Benzene and substituted derivatives	Phenylacetaldehydes	Phenylpropanoids (C6-C3)	Cinnamic acids and derivatives	Shikimates and Phenylpropanoids	mzspec:GNPS:GNPS-LIBRARY:CCMSLIB00000425767
9	12	121.06612014770548	1	121.06612014770548	0.0	202.76141666666663	6	6	1-1A01.mzML,bkgrnd-marine-broth.mzML	2	CCMSLIB00000425767	9.0	specs_ms.mgf	HMDB.mgf	0.928834	34915.4	202.313	7.68832	5.0	0.000930786	121.066	1.0	temp/specs_ms.mgf9	1.0	HMDB:HMDB06236-2480 Phenylacetaldehyde	Positive	Quattro_QQQ:40eV	Isolated	HMDB	HMDB	M+H	121.065	120.058	1.0	122-78-1		O=CCC1=CC=CC=C1	InChI=1S/C8H8O/c9-7-6-8-4-2-1-3-5-8/h1-5,7H,6H2		3.0	Positive	HMDB	121.065	UPDATE-SINGLE-ANNOTATED-BRONZE	Bronze		C8H8O	DTUQWGWMVIHBKE-UHFFFAOYSA-N	DTUQWGWMVIHBKE	Benzenoids	Benzene and substituted derivatives	Phenylacetaldehydes	Phenylpropanoids (C6-C3)	Cinnamic acids and derivatives	Shikimates and Phenylpropanoids	mzspec:GNPS:GNPS-LIBRARY:CCMSLIB00000425767
10	2	123.045349121094	1	123.045349121094	0.0	211.211	0	2	bkgrnd-marine-broth.mzML	2																																														
11	18	125.9876302083331	1	125.98763020833306	0.0	117.1382222222222	8	10	1-1A01.mzML,bkgrnd-marine-broth.mzML	2																																														
12	9	130.0513526068793	1	130.0513526068793	0.0	175.6957777777778	6	3	1-1A01.mzML,bkgrnd-marine-broth.mzML	2	CCMSLIB00006121638	12.0	specs_ms.mgf	BIRMINGHAM-UHPLC-MS-POS.mgf	0.705033	14126.2	167.822	7635.19	5.0	0.985443	130.051	1.0	temp/specs_ms.mgf12	1.0	Dihydrothymine - 40.0 eV	ESI	Orbitrap	Isolated	PI	Data Collector	M+H	129.066	0.0	1.0			CC1CNC(=O)NC1=O	InChI=1S/C5H8N2O2/c1-3-2-6-5(9)7-4(3)8/h3H,2H2,1H3,(H2,6,7,8,9)		1.0	Positive	BIRMINGHAM-UHPLC-MS-POS	129.066	UPDATE-SINGLE-ANNOTATED-GOLD	Gold		C5H8N2O2	NBAKTGXDIBVZOO-UHFFFAOYSA-N	NBAKTGXDIBVZOO	Organoheterocyclic compounds	Diazines	Pyrimidines and pyrimidine derivatives			Alkaloids	mzspec:GNPS:GNPS-LIBRARY:CCMSLIB00006121638
13	8	130.05137570699048	1	130.05137570699048	0.0	177.051125	6	2	1-1A01.mzML,bkgrnd-marine-broth.mzML	2																																														
14	2	130.05116780599	1	130.05116780599	0.0	192.178	0	2	bkgrnd-marine-broth.mzML	2																																														
15	12	130.09871927897098	1	130.09871927897098	0.0	151.28716666666665	6	6	1-1A01.mzML,bkgrnd-marine-broth.mzML	2																																														
16	4	130.967704772949	1	130.967704772949	0.0	104.5955	4	0	1-1A01.mzML	2																																														
17	3	131.05034383138	1	131.05034383138	0.0	279.47700000000003	0	3	bkgrnd-marine-broth.mzML	2																																														
18	3	131.05034383138	1	131.05034383138	0.0	279.668	0	3	bkgrnd-marine-broth.mzML	2																																														
19	8	131.930934906006	1	131.930934906006	0.0	272.480375	0	8	bkgrnd-marine-broth.mzML	2																																														
20	36	132.1032931456094	1	132.10329314560943	0.0	237.84244444444445	3	33	1-1A01.mzML,bkgrnd-marine-broth.mzML	2																																														
21	7	132.10334628686	1	132.10334628686	0.0	200.81814285714285	3	4	1-1A01.mzML,bkgrnd-marine-broth.mzML	2																																														
22	3	132.10784403483066	1	132.10784403483066	0.0	197.04366666666667	0	3	bkgrnd-marine-broth.mzML	2	CCMSLIB00005720468	22.0	specs_ms.mgf	PSU-MSMLS.mgf	0.866399	20835.1	197.171	56.4832	5.0	0.00746155	132.109	1.0	temp/specs_ms.mgf22	1.0	NORLEUCINE	ESI	qTof	Commercial	Andrew D. Patterson	Philip Smith	[M+H]+	132.102	131.095	1.0	 327-57-1	21236	CCCC[C@@H](C(=O)O)N	"""InChI=1S/C6H13NO2/c1-2-3-4-5(7)6(8)9/h5H,2-4,7H2,1H3,(H,8,9)/t5-/m0/s1"""		1.0	Positive	PSU-MSMLS	132.102	UPDATE-SINGLE-ANNOTATED-GOLD	Gold		C6H13NO2	LRQKBLKVPFOOQJ-YFKPBYRVSA-N	LRQKBLKVPFOOQJ	Organic acids and derivatives	Carboxylic acids and derivatives	Amino acids, peptides, and analogues	Fatty Acids and Conjugates|Small peptides	Amino fatty acids|Aminoacids	Amino acids and Peptides|Fatty acids	mzspec:GNPS:GNPS-LIBRARY:CCMSLIB00005720468
23	5	136.077031453451	1	136.077031453451	0.0	208.93400000000003	0	5	bkgrnd-marine-broth.mzML	2	CCMSLIB00006121092	23.0	specs_ms.mgf	BIRMINGHAM-UHPLC-MS-POS.mgf	0.916898	37498.2	207.261	14.914	5.0	0.00202942	136.077	1.0	temp/specs_ms.mgf23	1.0	octopamine - 40.0 eV	ESI	Orbitrap	Isolated	PI	Data Collector	Unknown	136.075	0.0	1.0			c1cc(ccc1C(CN)O)O	InChI=1S/C8H11NO2/c9-5-8(11)6-1-3-7(10)4-2-6/h1-4,8,10-11H,5,9H2		1.0	Positive	BIRMINGHAM-UHPLC-MS-POS	136.075	UPDATE-SINGLE-ANNOTATED-GOLD	Gold		C8H11NO2	QHGUCRYDKWKLMG-UHFFFAOYSA-N	QHGUCRYDKWKLMG	Benzenoids	Phenols	1-hydroxy-2-unsubstituted benzenoids	Tyrosine alkaloids	Phenylethylamines	Alkaloids	mzspec:GNPS:GNPS-LIBRARY:CCMSLIB00006121092
24	2	137.04709370931	1	137.04709370931	0.0	204.306	0	2	bkgrnd-marine-broth.mzML	6	CCMSLIB00003137374	24.0	specs_ms.mgf	GNPS-NIST14-MATCHES.mgf	0.896637	10140.9	212.865	7.90519	6.0	0.00108337	137.047	1.0	temp/specs_ms.mgf24	1.0	Spectral Match to Hypoxanthine from NIST14	ESI	qTof	Isolated	Data from Joshua Wollam	Data deposited by fevargas	M+H	137.046	136.038	1.0	68940		C1=NC2=C(N1)C(=O)NC=N2	InChI=1S/C5H4N4O/c10-5-3-4(7-1-6-3)8-2-9-5/h1-2H,(H2,6,7,8,9,10)		3.0	Positive	GNPS-NIST14-MATCHES	137.046	UPDATE-SINGLE-ANNOTATED-BRONZE	Bronze		C5H4N4O	FDGQSTZJBFJUBT-UHFFFAOYSA-N	FDGQSTZJBFJUBT	Organoheterocyclic compounds	Imidazopyrimidines	Purines and purine derivatives	Pseudoalkaloids	Purine alkaloids	Alkaloids	mzspec:GNPS:GNPS-LIBRARY:CCMSLIB00003137374
25	2	137.04709370931	1	137.04709370931	0.0	204.497	0	2	bkgrnd-marine-broth.mzML	6	CCMSLIB00006114302	25.0	specs_ms.mgf	BIRMINGHAM-UHPLC-MS-POS.mgf	0.901915	11806.4	213.056	7.90519	5.0	0.00108337	137.047	1.0	temp/specs_ms.mgf25	1.0	6-OXOPURINE - 40.0 eV	ESI	Orbitrap	Isolated	PI	Data Collector	Unknown	137.046	0.0	1.0			C1=NC2=NC=NC(=O)C2=N1	InChI=1S/C5H2N4O/c10-5-3-4(7-1-6-3)8-2-9-5/h1-2H		1.0	Positive	BIRMINGHAM-UHPLC-MS-POS	137.046	UPDATE-SINGLE-ANNOTATED-GOLD	Gold		C5H2N4O	UYLWKSJTHLRFBX-UHFFFAOYSA-N	UYLWKSJTHLRFBX	Organoheterocyclic compounds	Imidazopyrimidines	Purines and purine derivatives	Pseudoalkaloids		Alkaloids	mzspec:GNPS:GNPS-LIBRARY:CCMSLIB00006114302
26	3	138.092961629232	1	138.092961629232	0.0	204.56866666666667	3	0	1-1A01.mzML	2	CCMSLIB00006682577	26.0	specs_ms.mgf	MONA.mgf	0.955411	14019.0	204.568	14.1438	5.0	0.00195312	138.093	1.0	temp/specs_ms.mgf26	1.0	TYRAMINE	ESI	qTof	isolated	MoNA	MoNA:MoNA032320	M+H	138.091	0.0	1.0			C1=C(C=CC(=C1)O)CCN	"""InChI=1S/C8H11NO/c9-6-5-7-1-3-8(10)4-2-7/h1-4,10H,5-6,9H2"""		3.0	positive	MONA	138.091	UPDATE-SINGLE-ANNOTATED-BRONZE	Bronze		C8H11NO	DZGWFCGJZKJUFP-UHFFFAOYSA-N	DZGWFCGJZKJUFP	Benzenoids	Benzene and substituted derivatives	Phenethylamines	Tyrosine alkaloids	Phenylethylamines	Alkaloids	mzspec:GNPS:GNPS-LIBRARY:CCMSLIB00006682577
27	3	138.092961629232	1	138.092961629232	0.0	204.76	3	0	1-1A01.mzML	2	CCMSLIB00000220692	27.0	specs_ms.mgf	MASSBANK.mgf	0.871931	15183.7	203.53	673.598	5.0	0.0929565	138.093	1.0	temp/specs_ms.mgf27	1.0	Massbank:KO004086 Tyramine|2-(p-Hydroxyphenyl)ethylamine	ESI	LC-ESI-QQ	Isolated	Putative Massbank Match	Massbank	[M+H]+	138.0	0.0	1.0	51-67-2		NCCc(c1)ccc(O)c1	1S/C8H11NO/c9-6-5-7-1-3-8(10)4-2-7/h1-4,10H,5-6,9H2		3.0	Positive	MASSBANK	138.0	UPDATE-SINGLE-ANNOTATED-BRONZE	Bronze		C8H11NO	DZGWFCGJZKJUFP-UHFFFAOYSA-N	DZGWFCGJZKJUFP	Benzenoids	Benzene and substituted derivatives	Phenethylamines	Tyrosine alkaloids	Phenylethylamines	Alkaloids	mzspec:GNPS:GNPS-LIBRARY:CCMSLIB00000220692
28	54	141.95995302553533	1	141.9599530255352	0.0	324.96322222222227	12	42	1-1A01.mzML,bkgrnd-marine-broth.mzML	2																																														
29	2	146.061820983887	1	146.061820983887	0.0	446.9495	1	1	1-1A01.mzML,bkgrnd-marine-broth.mzML	-1	CCMSLIB00000218857	29.0	specs_ms.mgf	MASSBANK.mgf	0.837495	11150.6	446.735	424.633	5.0	0.0619965	146.062	1.0	temp/specs_ms.mgf29	1.0	Massbank:KO003170 4-Hydroxyquinoline|Quinolin-4-ol	ESI	LC-ESI-QQ	Isolated	Putative Massbank Match	Massbank	[M+H]+	146.0	0.0	1.0	611-36-9		Oc(c1)c(c2)c(ccc2)nc1	1S/C9H7NO/c11-9-5-6-10-8-4-2-1-3-7(8)9/h1-6H,(H,10,11)		3.0	Positive	MASSBANK	146.0	UPDATE-SINGLE-ANNOTATED-BRONZE	Bronze		C9H7NO	PMZDQRJGMBOQBF-UHFFFAOYSA-N	PMZDQRJGMBOQBF	Organoheterocyclic compounds	Quinolines and derivatives	Quinolones and derivatives	Tryptophan alkaloids|Anthranilic acid alkaloids	Quinazoline alkaloids|Quinoline alkaloids	Alkaloids	mzspec:GNPS:GNPS-LIBRARY:CCMSLIB00000218857
30	18	146.16670735677067	1	146.1667073567707	0.0	119.45294444444446	6	12	1-1A01.mzML,bkgrnd-marine-broth.mzML	2	CCMSLIB00000220466	30.0	specs_ms.mgf	MASSBANK.mgf	0.951119	16272.5	110.213	1141.06	5.0	0.166595	146.167	1.0	temp/specs_ms.mgf30	1.0	Massbank:KO003974 Spermidine|N-(3-Aminopropyl)-1,4-butane-diamine	ESI	LC-ESI-QQ	Isolated	Putative Massbank Match	Massbank	[M+H]+	146.0	0.0	1.0	124-20-9		NCCCCNCCCN	1S/C7H19N3/c8-4-1-2-6-10-7-3-5-9/h10H,1-9H2		3.0	Positive	MASSBANK	146.0	UPDATE-SINGLE-ANNOTATED-BRONZE	Bronze		C7H19N3	ATHGHQPFGPMSJY-UHFFFAOYSA-N	ATHGHQPFGPMSJY	Organic nitrogen compounds	Organonitrogen compounds	Amines	Ornithine alkaloids	Polyamines	Alkaloids	mzspec:GNPS:GNPS-LIBRARY:CCMSLIB00000220466
31	3	149.061024983724	1	149.061024983724	0.0	283.086	0	3	bkgrnd-marine-broth.mzML	2	CCMSLIB00000427133	31.0	specs_ms.mgf	HMDB.mgf	0.816842	21651.5	284.189	13102.3	5.0	1.97897	149.061	1.0	temp/specs_ms.mgf31	1.0	HMDB:HMDB00020-34 p-Hydroxyphenylacetic acid	Negative	Quattro_QQQ:25eV	Isolated	HMDB	HMDB	M-H	151.04	152.047	1.0	156-38-7		OC(=O)CC1=CC=C(O)C=C1	InChI=1S/C8H8O3/c9-7-3-1-6(2-4-7)5-8(10)11/h1-4,9H,5H2,(H,10,11)		3.0	Negative	HMDB	151.04	UPDATE-SINGLE-ANNOTATED-BRONZE	Bronze		C8H8O3	XQXPVVBIMDBYFF-UHFFFAOYSA-N	XQXPVVBIMDBYFF	Benzenoids	Phenols	1-hydroxy-2-unsubstituted benzenoids	Phenolic acids (C6-C1)	Simple phenolic acids	Shikimates and Phenylpropanoids	mzspec:GNPS:GNPS-LIBRARY:CCMSLIB00000427133
32	3	149.061024983724	1	149.061024983724	0.0	283.27733333333333	0	3	bkgrnd-marine-broth.mzML	2																																														
33	5	150.059661865234	1	150.059661865234	0.0	163.932	0	5	bkgrnd-marine-broth.mzML	-1																																														
34	22	151.0369290438568	1	151.03692904385676	0.0	118.83604545454544	12	10	1-1A01.mzML,bkgrnd-marine-broth.mzML	2																																														
35	6	152.058049519857	1	152.058049519857	0.0	218.01766666666663	0	6	bkgrnd-marine-broth.mzML	-1																																														
36	24	155.0831693013505	1	155.08316930135058	0.0	211.08266666666668	12	12	1-1A01.mzML,bkgrnd-marine-broth.mzML	2																																														
37	6	158.093879699707	1	158.093879699707	0.0	171.07333333333332	0	6	bkgrnd-marine-broth.mzML	2	CCMSLIB00003139954	37.0	specs_ms.mgf	GNPS-NIST14-MATCHES.mgf	0.881464	7259.0	180.539	5.50151	5.0	0.000869751	158.094	1.0	temp/specs_ms.mgf37	1.0	Spectral Match to L-Arginine from NIST14	ESI	HCD	Isolated	Data from Pieter Dorrestein	Data deposited by lfnothias	M+H-NH3	158.093	0.0	1.0	74793					3.0	Positive	GNPS-NIST14-MATCHES	158.093	UPDATE-SINGLE-ANNOTATED-BRONZE	Bronze											mzspec:GNPS:GNPS-LIBRARY:CCMSLIB00003139954
38	6	158.093879699707	1	158.093879699707	0.0	171.26433333333333	0	6	bkgrnd-marine-broth.mzML	2																																														
39	12	158.96268971761103	1	158.96268971761103	0.0	315.28333333333336	0	12	bkgrnd-marine-broth.mzML	-1																																														
40	6	160.077713012695	1	160.077713012695	0.0	224.8823333333333	6	0	1-1A01.mzML	-1	CCMSLIB00000005767	40.0	specs_ms.mgf	GNPS-SELLECKCHEM-FDA-PART1.mgf	0.8069	12745.9	225.634	6234.64	5.0	1.00429	160.078	1.0	temp/specs_ms.mgf40	1.0	HydralazineHCl	LC-ESI	qTof	Isolated	Sirenas	Ed Esquenazi 	M+H	161.082	196.052	1.0			C1=CC=C2C(=C1)C=NN=C2NN.Cl	InChI=1S/C8H8N4.ClH/c9-11-8-7-4-2-1-3-6(7)5-10-12-8;/h1-5H,9H2,(H,11,12);1H		3.0	Positive	GNPS-SELLECKCHEM-FDA-PART1	161.082	UPDATE-SINGLE-ANNOTATED-BRONZE	Bronze		C8H9ClN4	ZUXNZUWOTSUBMN-UHFFFAOYSA-N	ZUXNZUWOTSUBMN	Organoheterocyclic compounds	Diazanaphthalenes	Benzodiazines			Alkaloids	mzspec:GNPS:GNPS-LIBRARY:CCMSLIB00000005767
41	2	165.056243896484	1	165.056243896484	0.0	208.6415	0	2	bkgrnd-marine-broth.mzML	2	CCMSLIB00003137181	41.0	specs_ms.mgf	GNPS-NIST14-MATCHES.mgf	0.870926	23556.3	207.644	7.58063	5.0	0.00125122	165.056	1.0	temp/specs_ms.mgf41	1.0	Spectral Match to L-Tyrosine from NIST14	ESI	HCD	Isolated	Data from Jairam KP Vanamala, PhD	Data deposited by mjmeehan	M+H-NH3	165.055	0.0	1.0	60184					3.0	Positive	GNPS-NIST14-MATCHES	165.055	UPDATE-SINGLE-ANNOTATED-BRONZE	Bronze											mzspec:GNPS:GNPS-LIBRARY:CCMSLIB00003137181
42	3	165.056243896484	1	165.056243896484	0.0	209.57566666666665	0	3	bkgrnd-marine-broth.mzML	2	CCMSLIB00006683567	42.0	specs_ms.mgf	MONA.mgf	0.73004	19195.7	207.835	6200.13	5.0	1.02975	165.056	1.0	temp/specs_ms.mgf42	1.0	PHENYLALANINE	ESI	qTof	isolated	MoNA	MoNA:MoNA032724	M+H	166.086	0.0	1.0			C1=CC=C(C=C1)C[C@@H](C(=O)O)N	"""InChI=1S/C9H11NO2/c10-8(9(11)12)6-7-4-2-1-3-5-7/h1-5,8H,6,10H2,(H,11,12)/t8-/m0/s1"""		3.0	positive	MONA	166.086	UPDATE-SINGLE-ANNOTATED-BRONZE	Bronze		C9H11NO2	COLNVLDHVKWLRT-QMMMGPOBSA-N	COLNVLDHVKWLRT	Organic acids and derivatives	Carboxylic acids and derivatives	Amino acids, peptides, and analogues	Small peptides	Aminoacids	Amino acids and Peptides|Shikimates and Phenylpropanoids	mzspec:GNPS:GNPS-LIBRARY:CCMSLIB00006683567
43	15	166.0881398518876	1	166.0881398518876	0.0	297.7485333333334	3	12	1-1A01.mzML,bkgrnd-marine-broth.mzML	2	CCMSLIB00006682704	43.0	specs_ms.mgf	MONA.mgf	0.932585	111145.0	293.32	12.4028	5.0	0.00205994	166.088	1.0	temp/specs_ms.mgf43	1.0	PHENYLALANINE	ESI	qTof	isolated	MoNA	MoNA:MoNA032728	M+H	166.086	0.0	1.0			C1=CC=C(C=C1)C[C@@H](C(=O)O)N	"""InChI=1S/C9H11NO2/c10-8(9(11)12)6-7-4-2-1-3-5-7/h1-5,8H,6,10H2,(H,11,12)/t8-/m0/s1"""		3.0	positive	MONA	166.086	UPDATE-SINGLE-ANNOTATED-BRONZE	Bronze		C9H11NO2	COLNVLDHVKWLRT-QMMMGPOBSA-N	COLNVLDHVKWLRT	Organic acids and derivatives	Carboxylic acids and derivatives	Amino acids, peptides, and analogues	Small peptides	Aminoacids	Amino acids and Peptides|Shikimates and Phenylpropanoids	mzspec:GNPS:GNPS-LIBRARY:CCMSLIB00006682704
44	15	166.0881398518876	1	166.0881398518876	0.0	297.94006666666667	3	12	1-1A01.mzML,bkgrnd-marine-broth.mzML	2	CCMSLIB00013639491	44.0	specs_ms.mgf	WINE-DB-QTOF.mgf	0.937883	89007.4	293.512	12.4028	5.0	0.00205994	166.088	1.0	temp/specs_ms.mgf44	1.0	Phenylalanine_(L-)	ESI	qTof	Commercial	Axel_Marchal	TE_MLS	M+H	166.086	165.19	1.0	63-91-2		C([C@@H](C(O)=O)N)C1=CC=CC=C1	InChI=1S/C9H11NO2/c10-8(9(11)12)6-7-4-2-1-3-5-7/h1-5,8H,6,10H2,(H,11,12)/t8-/m0/s1		1.0	Positive	WINE-DB-QTOF	166.086	UPDATE-SINGLE-ANNOTATED-GOLD	Gold		C9H11NO2	COLNVLDHVKWLRT-QMMMGPOBSA-N	COLNVLDHVKWLRT	Organic acids and derivatives	Carboxylic acids and derivatives	Amino acids, peptides, and analogues	Small peptides	Aminoacids	Amino acids and Peptides|Shikimates and Phenylpropanoids	mzspec:GNPS:GNPS-LIBRARY:CCMSLIB00013639491
45	3	166.093887329102	1	166.093887329102	0.0	283.168	0	3	bkgrnd-marine-broth.mzML	2	CCMSLIB00005885036	45.0	specs_ms.mgf	GNPS-LIBRARY.mgf	0.962314	467450.0	278.201	47.4982	5.0	0.00788879	166.094	1.0	temp/specs_ms.mgf45	1.0	Phenylalanine - 70.00 eV	ESI	Orbitrap	Isolated	Madeleine Ernst	Anna Abrahamsson	M+H	166.086	0.0	1.0	63-91-2		N[C@@H](CC1=CC=CC=C1)C(O)=O	InChI=1S/C9H11NO2/c10-8(9(11)12)6-7-4-2-1-3-5-7/h1-5,8H,6,10H2,(H,11,12)/t8-/m0/s1		1.0	Positive	GNPS-LIBRARY	166.086	UPDATE-SINGLE-ANNOTATED-GOLD	Gold		C9H11NO2	COLNVLDHVKWLRT-QMMMGPOBSA-N	COLNVLDHVKWLRT	Organic acids and derivatives	Carboxylic acids and derivatives	Amino acids, peptides, and analogues	Small peptides	Aminoacids	Amino acids and Peptides|Shikimates and Phenylpropanoids	mzspec:GNPS:GNPS-LIBRARY:CCMSLIB00005885036
46	3	166.093887329102	1	166.093887329102	0.0	283.3593333333334	0	3	bkgrnd-marine-broth.mzML	2	CCMSLIB00013639998	46.0	specs_ms.mgf	WINE-DB-QTOF.mgf	0.991268	334779.0	286.458	47.4982	6.0	0.00788879	166.094	1.0	temp/specs_ms.mgf46	1.0	Phenylalanine_(L-)_30EV	ESI	qTof	Commercial	Axel_Marchal	TE_MLS	M+H	166.086	165.19	1.0	63-91-2		C([C@@H](C(O)=O)N)C1=CC=CC=C1	InChI=1S/C9H11NO2/c10-8(9(11)12)6-7-4-2-1-3-5-7/h1-5,8H,6,10H2,(H,11,12)/t8-/m0/s1		1.0	Positive	WINE-DB-QTOF	166.086	UPDATE-SINGLE-ANNOTATED-GOLD	Gold		C9H11NO2	COLNVLDHVKWLRT-QMMMGPOBSA-N	COLNVLDHVKWLRT	Organic acids and derivatives	Carboxylic acids and derivatives	Amino acids, peptides, and analogues	Small peptides	Aminoacids	Amino acids and Peptides|Shikimates and Phenylpropanoids	mzspec:GNPS:GNPS-LIBRARY:CCMSLIB00013639998
47	4	175.109786987305	1	175.109786987305	0.0	194.46175	0	4	bkgrnd-marine-broth.mzML	2																																														
48	2	180.104133605957	1	180.104133605957	0.0	469.6525	2	0	1-1A01.mzML	2	CCMSLIB00012441158	48.0	specs_ms.mgf	MSNLIB-POSITIVE.mgf	0.832522	8922.3	469.229	11.7765	5.0	0.00212097	180.104	1.0	temp/specs_ms.mgf48	1.0	N-Acetyltyramine	ESI	Orbitrap	Crude	Tomas Pluskal	Corinna Brungs	[M+H]+	180.102	179.095	1.0			CC(=O)NCCc1ccc(O)cc1	InChI=1S/C10H13NO2/c1-8(12)11-7-6-9-2-4-10(13)5-3-9/h2-5,13H,6-7H2,1H3,(H,11,12)	ATDWJOOPFDQZNK-UHFFFAOYSA-N	1.0	Positive	MSNLIB-POSITIVE	180.102	UPDATE-SINGLE-ANNOTATED-GOLD	Gold		C10H13NO2	ATDWJOOPFDQZNK-UHFFFAOYSA-N	ATDWJOOPFDQZNK	Benzenoids	Phenols	1-hydroxy-2-unsubstituted benzenoids	Tyrosine alkaloids	Phenylethylamines	Alkaloids	mzspec:GNPS:GNPS-LIBRARY:CCMSLIB00012441158
49	2	180.104133605957	1	180.104133605957	0.0	469.844	2	0	1-1A01.mzML	2	CCMSLIB00012352516	49.0	specs_ms.mgf	MSNLIB-POSITIVE.mgf	0.790148	9148.9	469.42	11.7765	6.0	0.00212097	180.104	1.0	temp/specs_ms.mgf49	1.0	N-Acetyltyramine	ESI	Orbitrap	Crude	Tomas Pluskal	Corinna Brungs	[M+H]+	180.102	179.095	1.0			CC(=O)NCCc1ccc(O)cc1	InChI=1S/C10H13NO2/c1-8(12)11-7-6-9-2-4-10(13)5-3-9/h2-5,13H,6-7H2,1H3,(H,11,12)	ATDWJOOPFDQZNK-UHFFFAOYSA-N	1.0	Positive	MSNLIB-POSITIVE	180.102	UPDATE-SINGLE-ANNOTATED-GOLD	Gold		C10H13NO2	ATDWJOOPFDQZNK-UHFFFAOYSA-N	ATDWJOOPFDQZNK	Benzenoids	Phenols	1-hydroxy-2-unsubstituted benzenoids	Tyrosine alkaloids	Phenylethylamines	Alkaloids	mzspec:GNPS:GNPS-LIBRARY:CCMSLIB00012352516
50	2	182.083048502604	1	182.083048502604	0.0	204.0765	0	2	bkgrnd-marine-broth.mzML	2	CCMSLIB00000427096	50.0	specs_ms.mgf	HMDB.mgf	0.98428	38716.4	204.883	5.78232	6.0	0.00105286	182.083	1.0	temp/specs_ms.mgf50	1.0	HMDB:HMDB00158-246 L-Tyrosine	Positive	Quattro_QQQ:25eV	Isolated	HMDB	HMDB	M+H	182.082	181.074	1.0	60-18-4		N[C@@H](CC1=CC=C(O)C=C1)C(O)=O	InChI=1S/C9H11NO3/c10-8(9(12)13)5-6-1-3-7(11)4-2-6/h1-4,8,11H,5,10H2,(H,12,13)/t8-/m0/s1		3.0	Positive	HMDB	182.082	UPDATE-SINGLE-ANNOTATED-BRONZE	Bronze		C9H11NO3	OUYCCCASQSFEME-QMMMGPOBSA-N	OUYCCCASQSFEME	Organic acids and derivatives	Carboxylic acids and derivatives	Amino acids, peptides, and analogues	Small peptides	Aminoacids	Amino acids and Peptides|Shikimates and Phenylpropanoids	mzspec:GNPS:GNPS-LIBRARY:CCMSLIB00000427096
51	3	182.083048502604	1	182.083048502604	0.0	205.074	0	3	bkgrnd-marine-broth.mzML	2	CCMSLIB00000425520	51.0	specs_ms.mgf	HMDB.mgf	0.967165	64615.7	206.687	5.78232	6.0	0.00105286	182.083	1.0	temp/specs_ms.mgf51	1.0	HMDB:HMDB00158-247 L-Tyrosine	Positive	Quattro_QQQ:40eV	Isolated	HMDB	HMDB	M+H	182.082	181.074	1.0	60-18-4		N[C@@H](CC1=CC=C(O)C=C1)C(O)=O	InChI=1S/C9H11NO3/c10-8(9(12)13)5-6-1-3-7(11)4-2-6/h1-4,8,11H,5,10H2,(H,12,13)/t8-/m0/s1		3.0	Positive	HMDB	182.082	UPDATE-SINGLE-ANNOTATED-BRONZE	Bronze		C9H11NO3	OUYCCCASQSFEME-QMMMGPOBSA-N	OUYCCCASQSFEME	Organic acids and derivatives	Carboxylic acids and derivatives	Amino acids, peptides, and analogues	Small peptides	Aminoacids	Amino acids and Peptides|Shikimates and Phenylpropanoids	mzspec:GNPS:GNPS-LIBRARY:CCMSLIB00000425520
52	6	182.964538574219	1	182.964538574219	0.0	115.48633333333332	3	3	1-1A01.mzML,bkgrnd-marine-broth.mzML	17																																														
53	6	182.964538574219	1	182.964538574219	0.0	115.67766666666668	3	3	1-1A01.mzML,bkgrnd-marine-broth.mzML	17																																														
54	24	185.11271158854152	1	185.1127115885416	0.0	19.304256944444443	6	18	1-1A01.mzML,bkgrnd-marine-broth.mzML	-1																																														
55	2	188.072463989258	1	188.072463989258	0.0	435.473	0	2	bkgrnd-marine-broth.mzML	2	CCMSLIB00003138038	55.0	specs_ms.mgf	GNPS-NIST14-MATCHES.mgf	0.917966	18414.8	434.281	2.83963	6.0	0.000534058	188.072	1.0	temp/specs_ms.mgf55	1.0	Spectral Match to L-Tryptophan from NIST14	ESI	HCD	Isolated	Data from Pieter Dorrestein	Data deposited by dfloros	M+H-NH3	188.073	0.0	1.0	73223					3.0	Positive	GNPS-NIST14-MATCHES	188.073	UPDATE-SINGLE-ANNOTATED-BRONZE	Bronze											mzspec:GNPS:GNPS-LIBRARY:CCMSLIB00003138038
56	2	188.072463989258	1	188.072463989258	0.0	435.6645	0	2	bkgrnd-marine-broth.mzML	2	CCMSLIB00003135135	56.0	specs_ms.mgf	GNPS-NIST14-MATCHES.mgf	0.929119	16524.1	436.856	13.0625	6.0	0.00245667	188.072	1.0	temp/specs_ms.mgf56	1.0	Spectral Match to DL-Indole-3-lactic acid from NIST14	ESI	Q-TOF	Isolated	Data from Dorrestein	Data deposited by quinnr	M+H-H2O	188.07	0.0	1.0	832973					3.0	Positive	GNPS-NIST14-MATCHES	188.07	UPDATE-SINGLE-ANNOTATED-BRONZE	Bronze											mzspec:GNPS:GNPS-LIBRARY:CCMSLIB00003135135
57	3	189.088806152344	1	189.088806152344	0.0	268.015	0	3	bkgrnd-marine-broth.mzML	-1	CCMSLIB00005723451	57.0	specs_ms.mgf	GNPS-LIBRARY.mgf	0.767038	5718.9	268.015	4914.89	5.0	0.924805	189.089	1.0	temp/specs_ms.mgf57	1.0	Leucine butyl ester	LC-ESI	Orbitrap	Other	Cheng-Chih Hsu	Hsin-Hsiang Chung	M+H	188.164	187.16	1.0			CCCCOC(=O)C(N)CC(C)C	InChI=1S/C10H21NO2/c1-4-5-6-13-10(12)9(11)7-8(2)3/h8-9H,4-7,11H2,1-3H3		3.0	Positive	GNPS-LIBRARY	188.164	UPDATE-SINGLE-ANNOTATED-BRONZE	Bronze		C10H21NO2	HYPLQEHLQMSBKE-UHFFFAOYSA-N	HYPLQEHLQMSBKE	Organic acids and derivatives	Carboxylic acids and derivatives	Amino acids, peptides, and analogues	Fatty esters	Wax monoesters	Fatty acids	mzspec:GNPS:GNPS-LIBRARY:CCMSLIB00005723451
58	2	189.088806152344	1	189.088806152344	0.0	267.7825	0	2	bkgrnd-marine-broth.mzML	-1	CCMSLIB00012874663	58.0	specs_ms.mgf	MSNLIB-POSITIVE.mgf	0.719396	4848.4	267.359	5299.59	5.0	0.996811	189.089	1.0	temp/specs_ms.mgf58	1.0	1042644-86-9 (Chimeric precursor selection)	ESI	Orbitrap	Commercial	Tomas Pluskal	Corinna Brungs	[M+H]+	188.092	187.084	1.0			O=C(O)CNC(=O)C1CCOCC1	InChI=1S/C8H13NO4/c10-7(11)5-9-8(12)6-1-3-13-4-2-6/h6H,1-5H2,(H,9,12)(H,10,11)	SPNLQHQUMYYRHB-UHFFFAOYSA-N	1.0	Positive	MSNLIB-POSITIVE	188.092	UPDATE-SINGLE-ANNOTATED-GOLD	Gold		C8H13NO4	SPNLQHQUMYYRHB-UHFFFAOYSA-N	SPNLQHQUMYYRHB				Small peptides	Aminoacids	Amino acids and Peptides	mzspec:GNPS:GNPS-LIBRARY:CCMSLIB00012874663
59	11	189.125183105469	1	189.125183105469	0.0	292.80799999999994	0	11	bkgrnd-marine-broth.mzML	2	CCMSLIB00003136360	59.0	specs_ms.mgf	GNPS-NIST14-MATCHES.mgf	0.795916	22873.8	276.971	10581.0	5.0	1.98018	189.125	1.0	temp/specs_ms.mgf59	1.0	Spectral Match to Ile-Ile-Lys from NIST14	ESI	qTof	Isolated	Data from Pieter Dorrestein	Data deposited by lfnothias	M+2H	187.145	372.274	1.0			CC[C@H](C)[C@@H](C(=O)N[C@@H]([C@@H](C)CC)C(=O)N[C@@H](CCCCN)C(=O)O)N	InChI=1S/C18H36N4O4/c1-5-11(3)14(20)16(23)22-15(12(4)6-2)17(24)21-13(18(25)26)9-7-8-10-19/h11-15H,5-10,19-20H2,1-4H3,(H,21,24)(H,22,23)(H,25,26)/t11-,12-,13-,14-,15-/m0/s1		3.0	Positive	GNPS-NIST14-MATCHES	187.145	UPDATE-SINGLE-ANNOTATED-BRONZE	Bronze		C18H36N4O4	CSQNHSGHAPRGPQ-YTFOTSKYSA-N	CSQNHSGHAPRGPQ	Organic acids and derivatives	Carboxylic acids and derivatives	Amino acids, peptides, and analogues	Small peptides	Dipeptides|Tripeptides	Amino acids and Peptides	mzspec:GNPS:GNPS-LIBRARY:CCMSLIB00003136360
60	14	198.9422542027065	1	198.9422542027065	0.0	115.49021428571427	8	6	1-1A01.mzML,bkgrnd-marine-broth.mzML	25																																														
61	3	202.182403564453	1	202.182403564453	0.0	155.078	3	0	1-1A01.mzML	-1	CCMSLIB00005774329	61.0	specs_ms.mgf	MASSBANK.mgf	0.917202	4899.0	155.078	11.9245	5.0	0.00241089	202.182	1.0	temp/specs_ms.mgf61	1.0	Massbank:AU252106 4-Hydroxy-1-(2-hydroxyethyl)-2,2,6,6-tetramethylpiperidine|1-Piperidineethanol, 4-hydroxy-2,2,6,6-tetramethyl-|1-(2-hydroxyethyl)-2,2,6,6-tetramethylpiperidin-4-ol	ESI	qTof	Isolated	Massbank	Massbank	M+H	202.18	0.0	1.0	52722-86-8		CC1(C)CC(O)CC(C)(C)N1CCO	1S/C11H23NO2/c1-10(2)7-9(14)8-11(3,4)12(10)5-6-13/h9,13-14H,5-8H2,1-4H3		3.0	Positive	MASSBANK	202.18	UPDATE-SINGLE-ANNOTATED-BRONZE	Bronze		C11H23NO2	STEYNUVPFMIUOY-UHFFFAOYSA-N	STEYNUVPFMIUOY				Lysine alkaloids	Piperidine alkaloids	Alkaloids	mzspec:GNPS:GNPS-LIBRARY:CCMSLIB00005774329
62	6	203.224990844727	1	203.224990844727	0.0	117.7635	0	6	bkgrnd-marine-broth.mzML	-1	CCMSLIB00004694498	62.0	specs_ms.mgf	MONA.mgf	0.894337	9983.7	119.919	9.76092	5.0	0.00198364	203.225	1.0	temp/specs_ms.mgf62	1.0	Spermine		ESI-QFT	isolated	MoNA	MoNA:VF-NPL-QEHF003435	[M+H]+	203.223	0.0	1.0			NCCCNCCCCNCCCN	InChI=1S/C10H26N4/c11-5-3-9-13-7-1-2-8-14-10-4-6-12/h13-14H,1-12H2		3.0	positive	MONA	203.223	UPDATE-SINGLE-ANNOTATED-BRONZE	Bronze		C10H26N4	PFNFFQXMRSDOHW-UHFFFAOYSA-N	PFNFFQXMRSDOHW	Organic nitrogen compounds	Organonitrogen compounds	Amines	Ornithine alkaloids	Polyamines	Alkaloids	mzspec:GNPS:GNPS-LIBRARY:CCMSLIB00004694498
63	2	205.099311828613	1	205.099311828613	0.0	435.0905	0	2	bkgrnd-marine-broth.mzML	2	CCMSLIB00003137887	63.0	specs_ms.mgf	GNPS-NIST14-MATCHES.mgf	0.954856	14565.9	433.899	3.42225	6.0	0.000701904	205.099	1.0	temp/specs_ms.mgf63	1.0	Spectral Match to L-Tryptophan from NIST14	ESI	HCD	Isolated	Data from Pieter Dorrestein	Data deposited by dfloros	M+H	205.1	0.0	1.0	73223					3.0	Positive	GNPS-NIST14-MATCHES	205.1	UPDATE-SINGLE-ANNOTATED-BRONZE	Bronze											mzspec:GNPS:GNPS-LIBRARY:CCMSLIB00003137887
64	2	205.099311828613	1	205.099311828613	0.0	435.2815	0	2	bkgrnd-marine-broth.mzML	2	CCMSLIB00013065435	64.0	specs_ms.mgf	MSNLIB-POSITIVE.mgf	0.962044	21047.8	436.473	11.2341	6.0	0.00230408	205.099	1.0	temp/specs_ms.mgf64	1.0	L-tryptophan	ESI	Orbitrap	Commercial	Tomas Pluskal	Corinna Brungs	[M+H]+	205.097	204.09	1.0			N[C@@H](Cc1c[nH]c2ccccc12)C(=O)O	InChI=1S/C11H12N2O2/c12-9(11(14)15)5-7-6-13-10-4-2-1-3-8(7)10/h1-4,6,9,13H,5,12H2,(H,14,15)/t9-/m0/s1	QIVBCDIJIAJPQS-VIFPVBQESA-N	1.0	Positive	MSNLIB-POSITIVE	205.097	UPDATE-SINGLE-ANNOTATED-GOLD	Gold		C11H12N2O2	QIVBCDIJIAJPQS-VIFPVBQESA-N	QIVBCDIJIAJPQS	Organoheterocyclic compounds	Indoles and derivatives	Indolyl carboxylic acids and derivatives	Small peptides	Aminoacids	Amino acids and Peptides|Shikimates and Phenylpropanoids	mzspec:GNPS:GNPS-LIBRARY:CCMSLIB00013065435
65	11	211.11007459235933	1	211.11007459235933	0.0	249.2663636363636	6	5	1-1A01.mzML,bkgrnd-marine-broth.mzML	2	CCMSLIB00005739084	65.0	specs_ms.mgf	MASSBANK.mgf	0.74493	6121.8	248.773	159.927	5.0	0.0337677	211.11	1.0	temp/specs_ms.mgf65	1.0	Massbank:PR311142 Cyclo(leucylprolyl)	ESI	qTof	Isolated	Massbank	Massbank	M+H	211.144	0.0	1.0			O=C1NC(C(=O)N2CCCC12)CC(C)C	1S/C11H18N2O2/c1-7(2)6-8-11(15)13-5-3-4-9(13)10(14)12-8/h7-9H,3-6H2,1-2H3,(H,12,14)		3.0	Positive	MASSBANK	211.144	UPDATE-SINGLE-ANNOTATED-BRONZE	Bronze		C11H18N2O2	SZJNCZMRZAUNQT-UHFFFAOYSA-N	SZJNCZMRZAUNQT	Organic acids and derivatives	Carboxylic acids and derivatives	Amino acids, peptides, and analogues	Small peptides	Dipeptides	Amino acids and Peptides	mzspec:GNPS:GNPS-LIBRARY:CCMSLIB00005739084
66	12	211.1465861002605	1	211.1465861002605	0.0	473.1815	6	6	1-1A01.mzML,bkgrnd-marine-broth.mzML	2	CCMSLIB00012440742	66.0	specs_ms.mgf	MSNLIB-POSITIVE.mgf	0.791954	13112.5	473.402	13.0081	5.0	0.00274658	211.147	1.0	temp/specs_ms.mgf66	1.0	5654-86-4	ESI	Orbitrap	Crude	Tomas Pluskal	Corinna Brungs	[M+H]+	211.144	210.137	1.0			CC(C)CC1NC(=O)C2CCCN2C1=O	InChI=1S/C11H18N2O2/c1-7(2)6-8-11(15)13-5-3-4-9(13)10(14)12-8/h7-9H,3-6H2,1-2H3,(H,12,14)	SZJNCZMRZAUNQT-UHFFFAOYSA-N	1.0	Positive	MSNLIB-POSITIVE	211.144	UPDATE-SINGLE-ANNOTATED-GOLD	Gold		C11H18N2O2	SZJNCZMRZAUNQT-UHFFFAOYSA-N	SZJNCZMRZAUNQT	Organic acids and derivatives	Carboxylic acids and derivatives	Amino acids, peptides, and analogues	Small peptides	Dipeptides	Amino acids and Peptides	mzspec:GNPS:GNPS-LIBRARY:CCMSLIB00012440742
67	12	214.91976165771447	1	214.91976165771447	0.0	121.15533333333332	6	6	1-1A01.mzML,bkgrnd-marine-broth.mzML	25																																														
68	6	215.141209920247	1	215.141209920247	0.0	205.61616666666663	0	6	bkgrnd-marine-broth.mzML	2	CCMSLIB00010130991	68.0	specs_ms.mgf	MCE-DRUG.mgf	0.911765	20201.1	202.887	9159.49	5.0	1.9888	215.141	1.0	temp/specs_ms.mgf68	1.0	N-Acetyl-L-arginine	ESI	Orbitrap	Crude	Tomas Pluskal	Corinna Brungs	M+H	217.13	216.122	1.0			CC(=O)N[C@@H](CCCN=C(N)N)C(=O)O	"""InChI=1S/C8H16N4O3/c1-5(13)12-6(7(14)15)3-2-4-11-8(9)10/h6H,2-4H2,1H3,(H,12,13)(H,14,15)(H4,9,10,11)/t6-/m0/s1"""	SNEIUMQYRCDYCH-LURJTMIESA-N	3.0	Positive	MCE-DRUG	217.13	UPDATE-SINGLE-ANNOTATED-BRONZE	Bronze		C8H16N4O3	SNEIUMQYRCDYCH-LURJTMIESA-N	SNEIUMQYRCDYCH	Organic acids and derivatives	Carboxylic acids and derivatives	Amino acids, peptides, and analogues	Small peptides	Dipeptides	Amino acids and Peptides	mzspec:GNPS:GNPS-LIBRARY:CCMSLIB00010130991
69	6	217.156880696615	1	217.156880696615	0.0	238.2893333333333	0	6	bkgrnd-marine-broth.mzML	2	CCMSLIB00012856934	69.0	specs_ms.mgf	MSNLIB-POSITIVE.mgf	0.936092	8430.4	239.233	8.64282	5.0	0.00187683	217.157	1.0	temp/specs_ms.mgf69	1.0	AKOS011963716	ESI	Orbitrap	Commercial	Tomas Pluskal	Corinna Brungs	[M+H]+	217.155	216.147	1.0			COC(=O)C(NC(=O)C(C)CN)C(C)C	InChI=1S/C10H20N2O3/c1-6(2)8(10(14)15-4)12-9(13)7(3)5-11/h6-8H,5,11H2,1-4H3,(H,12,13)	SSVJNCASCKBAOR-UHFFFAOYSA-N	1.0	Positive	MSNLIB-POSITIVE	217.155	UPDATE-SINGLE-ANNOTATED-GOLD	Gold		C10H20N2O3	SSVJNCASCKBAOR-UHFFFAOYSA-N	SSVJNCASCKBAOR	Organic acids and derivatives	Carboxylic acids and derivatives	Amino acids, peptides, and analogues	Small peptides	Dipeptides	Amino acids and Peptides	mzspec:GNPS:GNPS-LIBRARY:CCMSLIB00012856934
70	16	223.9915618896485	1	223.99156188964847	0.0	116.5658125	8	8	1-1A01.mzML,bkgrnd-marine-broth.mzML	17																																														
71	10	227.1418431599935	1	227.1418431599936	0.0	450.8198	5	5	1-1A01.mzML,bkgrnd-marine-broth.mzML	2	CCMSLIB00012870527	71.0	specs_ms.mgf	MSNLIB-POSITIVE.mgf	0.82118	21753.2	450.542	4414.4	6.0	0.998291	227.142	1.0	temp/specs_ms.mgf71	1.0	2-(Cyclopent-3-ene-1-carboxamido)-3,3-dimethylbutanoic acid	ESI	Orbitrap	Commercial	Tomas Pluskal	Corinna Brungs	[M+H]+	226.144	225.136	1.0			CC(C)(C)C(NC(=O)C1CC=CC1)C(=O)O	InChI=1S/C12H19NO3/c1-12(2,3)9(11(15)16)13-10(14)8-6-4-5-7-8/h4-5,8-9H,6-7H2,1-3H3,(H,13,14)(H,15,16)	NDNGILAHKUDFSW-UHFFFAOYSA-N	1.0	Positive	MSNLIB-POSITIVE	226.144	UPDATE-SINGLE-ANNOTATED-GOLD	Gold		C12H19NO3	NDNGILAHKUDFSW-UHFFFAOYSA-N	NDNGILAHKUDFSW				Small peptides		Amino acids and Peptides	mzspec:GNPS:GNPS-LIBRARY:CCMSLIB00012870527
72	2	227.1418431599936	1	227.1418431599936	0.0	454.1045	1	1	1-1A01.mzML,bkgrnd-marine-broth.mzML	2	CCMSLIB00000007039	72.0	specs_ms.mgf	GNPS-LIBRARY.mgf	0.901946	21476.7	454.077	14.4433	11.0	0.00328064	227.142	1.0	temp/specs_ms.mgf72	1.0	cyclo(L-Leu-L-4-hydroxy-Pro)	DI-ESI	qTof	Isolated	Keyzers	R Keyzers	M+H	227.139	244.121	1.0	115006-86-5					3.0	Positive	GNPS-LIBRARY	227.139	UPDATE-SINGLE-ANNOTATED-BRONZE	Bronze											mzspec:GNPS:GNPS-LIBRARY:CCMSLIB00000007039
73	18	229.157028198242	1	229.15702819824207	0.0	369.7259444444445	0	18	bkgrnd-marine-broth.mzML	2	CCMSLIB00009918988	73.0	specs_ms.mgf	GNPS-LIBRARY.mgf	0.768359	8015.4	399.81	8553.37	5.0	1.97697	229.157	1.0	temp/specs_ms.mgf73	1.0	Proline 	LC-ESI	Orbitrap	Lysate	Koellensperger	Yasin El Abiead	2M+H	231.134	0.0	0.0	344-25-2		OC(=O)[C@H]1CCCN1	InChI=1S/C5H9NO2/c7-5(8)4-2-1-3-6-4/h4,6H,1-3H2,(H,7,8)/t4-/m1/s1		3.0	Positive	GNPS-LIBRARY	231.134	UPDATE-SINGLE-ANNOTATED-BRONZE	Bronze		C5H9NO2	ONIBWKKTOPOVIA-SCSAIBSYSA-N	ONIBWKKTOPOVIA	Organic acids and derivatives	Carboxylic acids and derivatives	Amino acids, peptides, and analogues	Small peptides	Aminoacids|Dipeptides	Amino acids and Peptides	mzspec:GNPS:GNPS-LIBRARY:CCMSLIB00009918988
74	12	230.25154368082647	1	230.25154368082647	0.0	577.3945	6	6	1-1A01.mzML,bkgrnd-marine-broth.mzML	29	CCMSLIB00000842021	74.0	specs_ms.mgf	MASSBANKEU.mgf	0.902723	11071.1	576.811	15.5074	6.0	0.00357056	230.252	1.0	temp/specs_ms.mgf74	1.0	MassbankEU:SM876801 N,N-Dimethyldodecylamine N-oxide|Lauramine oxide|N,N-dimethyldodecan-1-amine oxide	ESI	LC-ESI-QFT	Isolated	Massbank EU	Massbank	[M+H]+	230.248	0.0	1.0	1643-20-5		CCCCCCCCCCCC[N+](C)(C)[O-]	1S/C14H31NO/c1-4-5-6-7-8-9-10-11-12-13-14-15(2,3)16/h4-14H2,1-3H3		3.0	Positive	MASSBANKEU	230.248	UPDATE-SINGLE-ANNOTATED-BRONZE	Bronze			SYELZBGXAIXKHU-UHFFFAOYSA-N	SYELZBGXAIXKHU	Organic nitrogen compounds	Organonitrogen compounds	Aminoxides				mzspec:GNPS:GNPS-LIBRARY:CCMSLIB00000842021
75	4	231.172617594401	1	231.172617594401	0.0	366.98975	0	4	bkgrnd-marine-broth.mzML	2	CCMSLIB00003135133	75.0	specs_ms.mgf	GNPS-NIST14-MATCHES.mgf	0.850225	7731.1	366.539	11.3532	5.0	0.00262451	231.173	1.0	temp/specs_ms.mgf75	1.0	Spectral Match to Leu-Val from NIST14	ESI	qTof	Isolated	Data from Gabriel Haddad	Data deposited by mjmeehan	M+H	231.17	230.163	1.0	13588959		CC(C)C[C@@H](C(=O)N[C@@H](C(C)C)C(=O)O)N	InChI=1S/C11H22N2O3/c1-6(2)5-8(12)10(14)13-9(7(3)4)11(15)16/h6-9H,5,12H2,1-4H3,(H,13,14)(H,15,16)/t8-,9-/m0/s1		3.0	Positive	GNPS-NIST14-MATCHES	231.17	UPDATE-SINGLE-ANNOTATED-BRONZE	Bronze		C11H22N2O3	MDSUKZSLOATHMH-IUCAKERBSA-N	MDSUKZSLOATHMH	Organic acids and derivatives	Carboxylic acids and derivatives	Amino acids, peptides, and analogues	Small peptides	Dipeptides	Amino acids and Peptides	mzspec:GNPS:GNPS-LIBRARY:CCMSLIB00003135133
76	4	237.08927536010748	1	237.08927536010748	0.0	211.87425	2	2	1-1A01.mzML,bkgrnd-marine-broth.mzML	-1	CCMSLIB00016344553	76.0	specs_ms.mgf	GNPS-ALKYLAMINES-LIBRARY.mgf	0.756748	5423.9	211.635	232.797	6.0	0.0552063	237.089	1.0	temp/specs_ms.mgf76	1.0	Hydroxylysine_Dihydroxyacetone (known isomers: 1; isobaric peaks in run: 1)	LC-ESI	Orbitrap	Crude	Pieter Dorrestein	Julius	[M+H]+	237.144	236.137	1.0		Dihydroxyacetone_Amine_batch3_P3_F6.mzML:scan:1729	CC(NCC(O)CC[C@H](N)C(=O)O)C(O)O	InChI=1S/C9H20N2O5/c1-5(8(13)14)11-4-6(12)2-3-7(10)9(15)16/h5-8,11-14H,2-4,10H2,1H3,(H,15,16)/t5?,6?,7-/m0/s1	InChI=1S/C9H20N2O5/c1-5(8(13)14)11-7(9(15)16)3-2-6(12)4-10/h5-8,11-14H,2-4,10H2,1H3,(H,15,16)/t5?,6?,7-/m0/s1 [M+H]+	1.0	Positive	GNPS-ALKYLAMINES-LIBRARY	237.144	UPDATE-SINGLE-ANNOTATED-GOLD	Gold		C9H20N2O5	TZBIAYPRDAERFG-AHXFUIDQSA-N	TZBIAYPRDAERFG				Small peptides	Aminoacids	Amino acids and Peptides	mzspec:GNPS:GNPS-LIBRARY:CCMSLIB00016344553
77	2	237.088798522949	1	237.088798522949	0.0	212.6325	0	2	bkgrnd-marine-broth.mzML	-1																																														
78	12	239.969261169434	1	239.969261169434	0.0	116.7715	6	6	1-1A01.mzML,bkgrnd-marine-broth.mzML	25																																														
79	6	243.136756896973	1	243.136756896973	0.0	466.9219999999999	3	3	1-1A01.mzML,bkgrnd-marine-broth.mzML	2	CCMSLIB00013039833	79.0	specs_ms.mgf	MSNLIB-POSITIVE.mgf	0.851277	6078.3	466.051	7845.11	5.0	1.92252	243.136	1.0	temp/specs_ms.mgf79	1.0	Pidotimod	ESI	Orbitrap	Commercial	Tomas Pluskal	Corinna Brungs	[M+H]+	245.059	244.052	1.0			O=C1CC[C@@H](C(=O)N2CSC[C@H]2C(=O)O)N1	InChI=1S/C9H12N2O4S/c12-7-2-1-5(10-7)8(13)11-4-16-3-6(11)9(14)15/h5-6H,1-4H2,(H,10,12)(H,14,15)/t5-,6-/m0/s1	UUTKICFRNVKFRG-WDSKDSINSA-N	1.0	Positive	MSNLIB-POSITIVE	245.059	UPDATE-SINGLE-ANNOTATED-GOLD	Gold		C9H12N2O4S	UUTKICFRNVKFRG-WDSKDSINSA-N	UUTKICFRNVKFRG	Organic acids and derivatives	Carboxylic acids and derivatives	Amino acids, peptides, and analogues	Small peptides	Aminoacids	Amino acids and Peptides	mzspec:GNPS:GNPS-LIBRARY:CCMSLIB00013039833
80	6	245.131337483724	1	245.131337483724	0.0	482.2120000000001	4	2	1-1A01.mzML,bkgrnd-marine-broth.mzML	-1	CCMSLIB00000007135	80.0	specs_ms.mgf	GNPS-LIBRARY.mgf	0.85052	7027.5	481.278	11.2669	12.0	0.00276184	245.131	1.0	temp/specs_ms.mgf80	1.0	cyclo(L-Phe-D-Pro)	DI-ESI	qTof	Isolated	Keyzers	R Keyzers	M+H	245.128	244.121	1.0	32021-26-4					3.0	Positive	GNPS-LIBRARY	245.128	UPDATE-SINGLE-ANNOTATED-BRONZE	Bronze											mzspec:GNPS:GNPS-LIBRARY:CCMSLIB00000007135
81	6	245.152587890625	1	245.152587890625	0.0	206.15	6	0	1-1A01.mzML	2	CCMSLIB00016347929	81.0	specs_ms.mgf	GNPS-ALKYLAMINES-LIBRARY.mgf	0.770508	6492.8	206.182	3789.85	5.0	0.925583	245.153	1.0	temp/specs_ms.mgf81	1.0	Leucine_3-Octanone (known isomers: 0; isobaric peaks in run: 1)	LC-ESI	Orbitrap	Crude	Pieter Dorrestein	Julius	[M+H]+	244.227	243.22	1.0		3-Octanone_Amine_batch2_P2_E4.mzML:scan:884	CCCCCC(CC)NC(CC(C)C)C(=O)O	InChI=1S/C14H29NO2/c1-5-7-8-9-12(6-2)15-13(14(16)17)10-11(3)4/h11-13,15H,5-10H2,1-4H3,(H,16,17)		1.0	Positive	GNPS-ALKYLAMINES-LIBRARY	244.227	UPDATE-SINGLE-ANNOTATED-GOLD	Gold		C14H29NO2	FCHIDZRHVIEIQO-UHFFFAOYSA-N	FCHIDZRHVIEIQO				Fatty Acids and Conjugates	Branched fatty acids	Fatty acids	mzspec:GNPS:GNPS-LIBRARY:CCMSLIB00016347929
82	6	254.16399637858035	1	254.16399637858035	0.0	200.23866666666663	4	2	1-1A01.mzML,bkgrnd-marine-broth.mzML	-1	CCMSLIB00012821401	82.0	specs_ms.mgf	MSNLIB-NEGATIVE.mgf	0.791677	10314.3	199.935	3596.28	5.0	0.917343	254.164	1.0	temp/specs_ms.mgf82	1.0	Z756466130	ESI	Orbitrap	Commercial	Tomas Pluskal	Corinna Brungs	[M-H]-	255.081	256.088	-1.0			Cc1c(C(=O)N[C@H](C(=O)O)C(C)(C)C)scn1	InChI=1S/C11H16N2O3S/c1-6-7(17-5-12-6)9(14)13-8(10(15)16)11(2,3)4/h5,8H,1-4H3,(H,13,14)(H,15,16)/t8-/m1/s1	BXXUPNIEAXMYKI-MRVPVSSYSA-N	1.0	Negative	MSNLIB-NEGATIVE	255.081	UPDATE-SINGLE-ANNOTATED-GOLD	Gold		C11H16N2O3S	BXXUPNIEAXMYKI-MRVPVSSYSA-N	BXXUPNIEAXMYKI				Small peptides	Dipeptides	Amino acids and Peptides	mzspec:GNPS:GNPS-LIBRARY:CCMSLIB00012821401
83	12	258.283447265625	1	258.283447265625	0.0	640.1600833333333	6	6	1-1A01.mzML,bkgrnd-marine-broth.mzML	29	CCMSLIB00012728820	83.0	specs_ms.mgf	ECRFS_DB.mgf	0.87914	7505.0	641.03	17.1328	6.0	0.00442505	258.283	1.0	temp/specs_ms.mgf83	1.0	Myristamine oxide	ESI	Orbitrap	Commercial	Federico Padilla	"""Sjors Rasker, Wout Bergkamp"""	M+H	258.279	257.272	1.0	3332-27-2		CCCCCCCCCCCCCC[N+](C)(C)[O-]	ONHFWHCMZAJCFB-UHFFFAOYSA-N		1.0	Positive	ECRFS_DB	258.279	UPDATE-SINGLE-ANNOTATED-GOLD	Gold			ONHFWHCMZAJCFB-UHFFFAOYSA-N	ONHFWHCMZAJCFB	Organic nitrogen compounds	Organonitrogen compounds	Aminoxides				mzspec:GNPS:GNPS-LIBRARY:CCMSLIB00012728820
84	2	260.199279785156	1	260.199279785156	0.0	193.0805	0	2	bkgrnd-marine-broth.mzML	2	CCMSLIB00003136698	84.0	specs_ms.mgf	GNPS-NIST14-MATCHES.mgf	0.712612	12450.5	192.985	8.79648	5.0	0.00228882	260.199	1.0	temp/specs_ms.mgf84	1.0	Spectral Match to Lys-Leu from NIST14	ESI	qTof	Isolated	Data from Pieter Dorrestein	Data deposited by lfnothias	M+H	260.197	259.19	1.0			CC(C)C[C@@H](C(=O)O)NC(=O)[C@H](CCCCN)N	InChI=1S/C12H25N3O3/c1-8(2)7-10(12(17)18)15-11(16)9(14)5-3-4-6-13/h8-10H,3-7,13-14H2,1-2H3,(H,15,16)(H,17,18)/t9-,10-/m0/s1		3.0	Positive	GNPS-NIST14-MATCHES	260.197	UPDATE-SINGLE-ANNOTATED-BRONZE	Bronze		C12H25N3O3	ATIPDCIQTUXABX-UWVGGRQHSA-N	ATIPDCIQTUXABX				Small peptides	Dipeptides	Amino acids and Peptides	mzspec:GNPS:GNPS-LIBRARY:CCMSLIB00003136698
85	5	261.12654215494786	1	261.12654215494786	0.0	458.8058	3	2	1-1A01.mzML,bkgrnd-marine-broth.mzML	2	CCMSLIB00000007114	85.0	specs_ms.mgf	GNPS-LIBRARY.mgf	0.836677	17400.0	458.131	8.76525	7.0	0.00228882	261.126	1.0	temp/specs_ms.mgf85	1.0	cyclo(Phe-4-Hyp)	DI-ESI	qTof	Isolated	Keyzers	R Keyzers	M+H	261.124	260.116	1.0	0					3.0	Positive	GNPS-LIBRARY	261.124	UPDATE-SINGLE-ANNOTATED-BRONZE	Bronze											mzspec:GNPS:GNPS-LIBRARY:CCMSLIB00000007114
86	4	261.126500447591	1	261.126500447591	0.0	467.58375	2	2	1-1A01.mzML,bkgrnd-marine-broth.mzML	2	CCMSLIB00000007114	86.0	specs_ms.mgf	GNPS-LIBRARY.mgf	0.815506	16528.3	468.269	10.4014	6.0	0.00271606	261.127	1.0	temp/specs_ms.mgf86	1.0	cyclo(Phe-4-Hyp)	DI-ESI	qTof	Isolated	Keyzers	R Keyzers	M+H	261.124	260.116	1.0	0					3.0	Positive	GNPS-LIBRARY	261.124	UPDATE-SINGLE-ANNOTATED-BRONZE	Bronze											mzspec:GNPS:GNPS-LIBRARY:CCMSLIB00000007114
87	2	263.141876220703	1	263.141876220703	0.0	437.91399999999993	0	2	bkgrnd-marine-broth.mzML	2																																														
88	12	265.01852416992205	1	265.01852416992205	0.0	119.27808333333334	6	6	1-1A01.mzML,bkgrnd-marine-broth.mzML	17																																														
89	8	268.1069183349612	1	268.1069183349612	0.0	197.35775	2	6	1-1A01.mzML,bkgrnd-marine-broth.mzML	30	CCMSLIB00000216566	89.0	specs_ms.mgf	MASSBANK.mgf	0.940065	18611.3	197.554	397.867	8.0	0.106628	268.107	1.0	temp/specs_ms.mgf89	1.0	Massbank:KO002042 Adenosine	ESI	LC-ESI-QQ	Isolated	Putative Massbank Match	Massbank	[M+H]+	268.0	0.0	1.0	58-61-7		OC[C@@H](O1)[C@@H](O)[C@@H](O)[C@@H]1n(c3)c(n2)c(n3)c(N)nc2	1S/C10H13N5O4/c11-8-5-9(13-2-12-8)15(3-14-5)10-7(18)6(17)4(1-16)19-10/h2-4,6-7,10,16-18H,1H2,(H2,11,12,13)/t4-,6-,7-,10-/m1/s1		3.0	Positive	MASSBANK	268.0	UPDATE-SINGLE-ANNOTATED-BRONZE	Bronze		C10H13N5O4	OIRDTQYFTABQOQ-KQYNXXCUSA-N	OIRDTQYFTABQOQ				Nucleosides	Purine nucleos(t)ides	Carbohydrates	mzspec:GNPS:GNPS-LIBRARY:CCMSLIB00000216566
90	6	274.178975423177	1	274.178975423177	0.0	361.6316666666666	0	6	bkgrnd-marine-broth.mzML	46																																														
91	3	274.27806939019064	1	274.27806939019064	0.0	543.7463333333333	1	2	1-1A01.mzML,bkgrnd-marine-broth.mzML	-1	CCMSLIB00005761025	91.0	specs_ms.mgf	MASSBANK.mgf	0.83197	4619.3	543.371	13.4633	7.0	0.00369263	274.278	1.0	temp/specs_ms.mgf91	1.0	Massbank:LU030804 Lauryldiethanolamine|2-[dodecyl(2-hydroxyethyl)amino]ethanol	ESI	Hybrid FT	Isolated	Massbank	Massbank	M+H	274.274	0.0	1.0	1541-67-9		CCCCCCCCCCCCN(CCO)CCO	1S/C16H35NO2/c1-2-3-4-5-6-7-8-9-10-11-12-17(13-15-18)14-16-19/h18-19H,2-16H2,1H3		3.0	Positive	MASSBANK	274.274	UPDATE-SINGLE-ANNOTATED-BRONZE	Bronze		C16H35NO2	NKFNBVMJTSYZDV-UHFFFAOYSA-N	NKFNBVMJTSYZDV	Organic nitrogen compounds	Organonitrogen compounds	Amines	Fatty acyls|Fatty amides	Fatty alcohols|N-acyl ethanolamines (endocannabinoids)	Fatty acids	mzspec:GNPS:GNPS-LIBRARY:CCMSLIB00005761025
92	2	274.27826436360647	1	274.27826436360647	0.0	543.2785	1	1	1-1A01.mzML,bkgrnd-marine-broth.mzML	-1																																														
93	3	284.101715087891	1	284.101715087891	0.0	219.28	0	3	bkgrnd-marine-broth.mzML	30	CCMSLIB00003136679	93.0	specs_ms.mgf	GNPS-NIST14-MATCHES.mgf	0.936613	26172.4	220.255	6.01543	6.0	0.00170898	284.102	1.0	temp/specs_ms.mgf93	1.0	Spectral Match to Guanosine from NIST14	ESI	QqQ	Isolated	Data from Dorrestein	Data deposited by quinnr	M+H	284.1	0.0	1.0	118003					3.0	Positive	GNPS-NIST14-MATCHES	284.1	UPDATE-SINGLE-ANNOTATED-BRONZE	Bronze											mzspec:GNPS:GNPS-LIBRARY:CCMSLIB00003136679
94	3	284.101715087891	1	284.101715087891	0.0	219.47166666666664	0	3	bkgrnd-marine-broth.mzML	30	CCMSLIB00006684524	94.0	specs_ms.mgf	MONA.mgf	0.882013	13742.2	218.369	9.56027	6.0	0.00271606	284.102	1.0	temp/specs_ms.mgf94	1.0	GUANOSINE	ESI	qTof	isolated	MoNA	MoNA:MoNA036418	M+H	284.099	0.0	1.0			C([C@@H]1[C@H]([C@H]([C@H](N2C=NC3=C2NC(=N)N=C3O)O1)O)O)O	"""InChI=1S/C10H13N5O5/c11-10-13-7-4(8(19)14-10)12-2-15(7)9-6(18)5(17)3(1-16)20-9/h2-3,5-6,9,16-18H,1H2,(H3,11,13,14,19)/t3-,5-,6-,9-/m1/s1"""		3.0	positive	MONA	284.099	UPDATE-SINGLE-ANNOTATED-BRONZE	Bronze		C10H13N5O5	NYHBQMYGNKIUIF-UUOKFMHZSA-N	NYHBQMYGNKIUIF				Nucleosides	Purine nucleos(t)ides	Carbohydrates	mzspec:GNPS:GNPS-LIBRARY:CCMSLIB00006684524
95	55	286.2238923352173	1	286.2238923352172	0.0	675.119312121212	27	28	1-1A01.mzML,bkgrnd-marine-broth.mzML	1																																														
96	20	286.223895602756	1	286.223895602756	0.0	645.9576833333334	10	10	1-1A01.mzML,bkgrnd-marine-broth.mzML	1																																														
97	62	286.22391299449407	1	286.223912994494	0.0	620.3172661290323	34	28	1-1A01.mzML,bkgrnd-marine-broth.mzML	1																																														
98	78	286.2238817785539	1	286.22388177855385	0.0	499.3504166666667	36	42	1-1A01.mzML,bkgrnd-marine-broth.mzML	1																																														
99	8	291.2574055989585	1	291.2574055989585	0.0	835.76725	4	4	1-1A01.mzML,bkgrnd-marine-broth.mzML	4																																														
100	3	300.205535888672	1	300.205535888672	0.0	420.3816666666666	3	0	1-1A01.mzML	8																																														
101	30	304.2341084798176	1	304.2341084798176	0.0	17.769911111111114	12	18	1-1A01.mzML,bkgrnd-marine-broth.mzML	-1																																														
102	12	304.30496215820307	1	304.3049621582031	0.0	649.2769166666666	6	6	1-1A01.mzML,bkgrnd-marine-broth.mzML	22	CCMSLIB00010152451	102.0	specs_ms.mgf	MCE-DRUG.mgf	0.906877	26471.4	651.07	14.8426	5.0	0.0045166	304.305	1.0	temp/specs_ms.mgf102	1.0	Benzododecinium	ESI	Orbitrap	Crude	Tomas Pluskal	Corinna Brungs	M+H	304.3	304.3	1.0			CCCCCCCCCCCC[N+](C)(C)Cc1ccccc1	"""InChI=1S/C21H38N/c1-4-5-6-7-8-9-10-11-12-16-19-22(2,3)20-21-17-14-13-15-18-21/h13-15,17-18H,4-12,16,19-20H2,1-3H3/q+1"""	CYDRXTMLKJDRQH-UHFFFAOYSA-N	3.0	Positive	MCE-DRUG	304.3	UPDATE-SINGLE-ANNOTATED-BRONZE	Bronze			CYDRXTMLKJDRQH-UHFFFAOYSA-N	CYDRXTMLKJDRQH	Benzenoids	Benzene and substituted derivatives	Phenylmethylamines				mzspec:GNPS:GNPS-LIBRARY:CCMSLIB00010152451
103	12	308.2840627034506	1	308.2840627034506	0.0	836.61775	6	6	1-1A01.mzML,bkgrnd-marine-broth.mzML	4																																														
104	15	328.2734093041512	1	328.27340930415136	0.0	455.8329555555556	7	8	1-1A01.mzML,bkgrnd-marine-broth.mzML	1																																														
105	35	328.2734546919354	1	328.2734546919353	0.0	428.5504714285714	20	15	1-1A01.mzML,bkgrnd-marine-broth.mzML	1																																														
106	24	328.2734417976786	1	328.27344179767834	0.0	330.4490972222222	13	11	1-1A01.mzML,bkgrnd-marine-broth.mzML	1																																														
107	44	328.27341389919553	1	328.2734138991954	0.0	483.6921818181818	21	23	1-1A01.mzML,bkgrnd-marine-broth.mzML	1																																														
108	30	328.273467070422	1	328.2734670704219	0.0	652.0742166666665	18	12	1-1A01.mzML,bkgrnd-marine-broth.mzML	1																																														
109	37	328.2734296004085	1	328.2734296004084	0.0	528.4371666666665	19	18	1-1A01.mzML,bkgrnd-marine-broth.mzML	1																																														
110	93	328.2734027821531	1	328.2734027821537	0.0	555.5153315412188	42	51	1-1A01.mzML,bkgrnd-marine-broth.mzML	1																																														
111	134	328.2734269789059	1	328.2734269789063	0.0	593.0562363184077	68	66	1-1A01.mzML,bkgrnd-marine-broth.mzML	1																																														
112	6	331.20065307617193	1	331.20065307617193	0.0	286.6181666666667	0	6	bkgrnd-marine-broth.mzML	46																																														
113	12	332.3367513020835	1	332.3367513020835	0.0	718.707	6	6	1-1A01.mzML,bkgrnd-marine-broth.mzML	22	CCMSLIB00003137803	113.0	specs_ms.mgf	GNPS-NIST14-MATCHES.mgf	0.904505	43011.4	717.616	18.2739	6.0	0.006073	332.337	1.0	temp/specs_ms.mgf113	1.0	Spectral Match to Benzyltetradecyldimethylammonium from NIST14	ESI	QqQ	Isolated	Data from Pieter Dorrestein;Ruben Abagayan	Data deposited by lfnothias	Cat	332.331	0.0	1.0	16287711					3.0	Positive	GNPS-NIST14-MATCHES	332.331	UPDATE-SINGLE-ANNOTATED-BRONZE	Bronze											mzspec:GNPS:GNPS-LIBRARY:CCMSLIB00003137803
114	12	335.28451538085955	1	335.28451538085955	0.0	827.7421666666667	6	6	1-1A01.mzML,bkgrnd-marine-broth.mzML	4																																														
115	5	344.2319274902348	1	344.2319274902348	0.0	431.876	3	2	1-1A01.mzML,bkgrnd-marine-broth.mzML	8																																														
116	62	346.28189579133067	1	346.28189579133056	0.0	566.9093978494625	32	30	1-1A01.mzML,bkgrnd-marine-broth.mzML	-1																																														
117	12	352.31131490071607	1	352.31131490071607	0.0	826.9754166666667	6	6	1-1A01.mzML,bkgrnd-marine-broth.mzML	4																																														
118	12	359.196111043294	1	359.196111043294	0.0	267.57941666666665	0	12	bkgrnd-marine-broth.mzML	7																																														
119	2	360.367492675781	1	360.367492675781	0.0	791.163	2	0	1-1A01.mzML	22	CCMSLIB00012338213	119.0	specs_ms.mgf	MSNLIB-POSITIVE.mgf	0.873598	8201.0	791.067	15.2435	6.0	0.00549316	360.367	1.0	temp/specs_ms.mgf119	1.0	Cetalkonium	ESI	Orbitrap	Crude	Tomas Pluskal	Corinna Brungs	[M]+	360.362	360.362	1.0			CCCCCCCCCCCCCCCC[N+](C)(C)Cc1ccccc1	InChI=1S/C25H46N/c1-4-5-6-7-8-9-10-11-12-13-14-15-16-20-23-26(2,3)24-25-21-18-17-19-22-25/h17-19,21-22H,4-16,20,23-24H2,1-3H3/q+1	QDYLMAYUEZBUFO-UHFFFAOYSA-N	1.0	Positive	MSNLIB-POSITIVE	360.362	UPDATE-SINGLE-ANNOTATED-GOLD	Gold			QDYLMAYUEZBUFO-UHFFFAOYSA-N	QDYLMAYUEZBUFO	Benzenoids	Benzene and substituted derivatives	Phenylmethylamines				mzspec:GNPS:GNPS-LIBRARY:CCMSLIB00012338213
120	3	371.231872558594	1	371.231872558594	0.0	438.896	3	0	1-1A01.mzML	8																																														
121	2	373.279357910156	1	373.279357910156	0.0	617.053	0	2	bkgrnd-marine-broth.mzML	15	CCMSLIB00012361803	121.0	specs_ms.mgf	MSNLIB-POSITIVE.mgf	0.73326	10299.5	617.86	14.3891	9.0	0.00537109	373.279	1.0	temp/specs_ms.mgf121	1.0	cholic acid	ESI	Orbitrap	Crude	Tomas Pluskal	Corinna Brungs	[M+H-2H2O]+	373.274	408.288	1.0			C[C@H](CCC(=O)O)[C@H]1CC[C@H]2[C@@H]3[C@H](O)C[C@@H]4C[C@H](O)CC[C@]4(C)[C@H]3C[C@H](O)[C@]12C	InChI=1S/C24H40O5/c1-13(4-7-21(28)29)16-5-6-17-22-18(12-20(27)24(16,17)3)23(2)9-8-15(25)10-14(23)11-19(22)26/h13-20,22,25-27H,4-12H2,1-3H3,(H,28,29)/t13-,14+,15-,16-,17+,18+,19-,20+,22+,23+,24-/m1/s1	BHQCQFFYRZLCQQ-OELDTZBJSA-N	1.0	Positive	MSNLIB-POSITIVE	373.274	UPDATE-SINGLE-ANNOTATED-GOLD	Gold		C24H40O5	BHQCQFFYRZLCQQ-OELDTZBJSA-N	BHQCQFFYRZLCQQ	Lipids and lipid-like molecules	Steroids and steroid derivatives	Bile acids, alcohols and derivatives	Steroids	Cholane steroids	Terpenoids	mzspec:GNPS:GNPS-LIBRARY:CCMSLIB00012361803
122	12	379.3110148111975	1	379.31101481119737	0.0	821.1396666666667	6	6	1-1A01.mzML,bkgrnd-marine-broth.mzML	4																																														
123	2	385.249328613281	1	385.249328613281	0.0	442.302	0	2	bkgrnd-marine-broth.mzML	7																																														
124	9	388.2589653862846	1	388.2589653862846	0.0	438.4705555555556	6	3	1-1A01.mzML,bkgrnd-marine-broth.mzML	8	CCMSLIB00004721221	124.0	specs_ms.mgf	MONA.mgf	0.815581	14321.3	436.552	4636.77	6.0	1.80865	388.259	1.0	temp/specs_ms.mgf124	1.0	GALANTHAMINE HYDROBROMIDE		ESI-QFT	isolated	MoNA	MoNA:VF-NPL-QEHF027640	[M+Na]+	390.068	0.0	1.0			Br.COc1ccc2c3c1OC1CC(O)C=CC31CCN(C)C2	InChI=1S/C17H21NO3.BrH/c1-18-8-7-17-6-5-12(19)9-14(17)21-16-13(20-2)4-3-11(10-18)15(16)17;/h3-6,12,14,19H,7-10H2,1-2H3;1H		3.0	positive	MONA	390.068	UPDATE-SINGLE-ANNOTATED-BRONZE	Bronze		C17H22BrNO3	QORVDGQLPPAFRS-UHFFFAOYSA-N	QORVDGQLPPAFRS	Alkaloids and derivatives	Amaryllidaceae alkaloids	Galanthamine-type amaryllidaceae alkaloids	Tyrosine alkaloids	Amarylidaceae alkaloids	Alkaloids	mzspec:GNPS:GNPS-LIBRARY:CCMSLIB00004721221
125	12	396.3384552001949	1	396.3384552001949	0.0	818.4385000000001	6	6	1-1A01.mzML,bkgrnd-marine-broth.mzML	4																																														
126	3	401.2941182454427	1	401.2941182454427	0.0	819.5653333333335	2	1	1-1A01.mzML,bkgrnd-marine-broth.mzML	5																																														
127	2	403.3226623535155	1	403.3226623535155	0.0	825.425	1	1	1-1A01.mzML,bkgrnd-marine-broth.mzML	11																																														
128	4	415.2583885192873	1	415.2583885192873	0.0	444.72100000000006	3	1	1-1A01.mzML,bkgrnd-marine-broth.mzML	-1																																														
129	4	417.203094482422	1	417.203094482422	0.0	419.83475	4	0	1-1A01.mzML	-1																																														
130	2	419.233673095703	1	419.233673095703	0.0	459.379	0	2	bkgrnd-marine-broth.mzML	-1																																														
131	11	423.33806910659297	1	423.33806910659297	0.0	813.5563636363636	6	5	1-1A01.mzML,bkgrnd-marine-broth.mzML	4	CCMSLIB00013641099	131.0	specs_ms.mgf	3-HYDROXY-ACYL-AMIDES-LIBRARY.mgf	0.714932	6439.4	814.53	2189.7	6.0	0.929016	423.338	1.0	temp/specs_ms.mgf131	1.0	3-hydroxyhexadecanoyl glutamic acid [M+Na]+	LC-ESI	Orbitrap	Crude	Pieter Dorrestein	victoriadeleray	[M+Na]+	424.267	401.278	1.0			CCCCCCCCCCCCCC(O)CC(=O)N[C@@H](CCC(=O)O)C(=O)O	"""InChI=1S/C21H39NO6/c1-2-3-4-5-6-7-8-9-10-11-12-13-17(23)16-19(24)22-18(21(27)28)14-15-20(25)26/h17-18,23H,2-16H2,1H3,(H,22,24)(H,25,26)(H,27,28)/t17?,18-/m0/s1"""	"""InChI=1S/C21H39NO6/c1-2-3-4-5-6-7-8-9-10-11-12-13-17(23)16-19(24)22-18(21(27)28)14-15-20(25)26/h17-18,23H,2-16H2,1H3,(H,22,24)(H,25,26)(H,27,28)/t17?,18-/m0/s1 [M+Na]+"""	1.0	Positive	3-HYDROXY-ACYL-AMIDES-LIBRARY	424.267	UPDATE-SINGLE-ANNOTATED-GOLD	Gold		C21H39NO6	AQACJCDWHULJHK-ZVAWYAOSSA-N	AQACJCDWHULJHK				Fatty amides	N-acyl amines	Fatty acids	mzspec:GNPS:GNPS-LIBRARY:CCMSLIB00013641099
132	4	428.254776000977	1	428.254776000977	0.0	423.834	0	4	bkgrnd-marine-broth.mzML	18																																														
133	6	430.233734130859	1	430.233734130859	0.0	415.7758333333333	0	6	bkgrnd-marine-broth.mzML	7																																														
134	2	430.249252319336	1	430.249252319336	0.0	471.94	2	0	1-1A01.mzML	-1																																														
135	6	431.210306803385	1	431.210306803385	0.0	536.055	6	0	1-1A01.mzML	11																																														
136	10	432.28594360351536	1	432.28594360351536	0.0	443.9847	6	4	1-1A01.mzML,bkgrnd-marine-broth.mzML	8																																														
137	4	439.269714355469	1	439.269714355469	0.0	439.6450000000001	4	0	1-1A01.mzML	44																																														
138	2	440.219940185547	1	440.219940185547	0.0	429.7995	2	0	1-1A01.mzML	7																																														
139	2	440.242980957031	1	440.242980957031	0.0	409.07	2	0	1-1A01.mzML	-1																																														
140	6	440.25493367513	1	440.25493367513	0.0	429.6103333333333	0	6	bkgrnd-marine-broth.mzML	7																																														
141	11	440.3654775908501	1	440.3654775908501	0.0	809.6333636363637	6	5	1-1A01.mzML,bkgrnd-marine-broth.mzML	4																																														
142	5	440.41702880859367	1	440.41702880859367	0.0	733.1746	2	3	1-1A01.mzML,bkgrnd-marine-broth.mzML	13																																														
143	5	440.41702880859367	1	440.41702880859367	0.0	733.3666	2	3	1-1A01.mzML,bkgrnd-marine-broth.mzML	13																																														
144	10	444.30386962890645	1	444.3038696289064	0.0	735.9243	6	4	1-1A01.mzML,bkgrnd-marine-broth.mzML	-1																																														
145	4	447.3494364420575	1	447.3494364420575	0.0	819.921	1	3	1-1A01.mzML,bkgrnd-marine-broth.mzML	11																																														
146	2	456.249816894531	1	456.249816894531	0.0	423.603	0	2	bkgrnd-marine-broth.mzML	7																																														
147	3	458.26589965820295	1	458.26589965820295	0.0	426.754	0	3	bkgrnd-marine-broth.mzML	-1																																														
148	2	460.244934082031	1	460.244934082031	0.0	417.519	0	2	bkgrnd-marine-broth.mzML	7																																														
149	4	466.323816935221	1	466.323816935221	0.0	550.1685	2	2	1-1A01.mzML,bkgrnd-marine-broth.mzML	15	CCMSLIB00012282092	149.0	specs_ms.mgf	MSNLIB-POSITIVE.mgf	0.829935	20282.2	549.313	16.2301	14.0	0.00756836	466.324	1.0	temp/specs_ms.mgf149	1.0	Glycocholic acid	ESI	Orbitrap	Crude	Tomas Pluskal	Corinna Brungs	[M+H]+	466.316	465.309	1.0			C[C@H](CCC(=O)NCC(=O)O)[C@H]1CC[C@H]2[C@@H]3[C@H](O)C[C@@H]4C[C@H](O)CC[C@]4(C)[C@H]3C[C@H](O)[C@]12C	InChI=1S/C26H43NO6/c1-14(4-7-22(31)27-13-23(32)33)17-5-6-18-24-19(12-21(30)26(17,18)3)25(2)9-8-16(28)10-15(25)11-20(24)29/h14-21,24,28-30H,4-13H2,1-3H3,(H,27,31)(H,32,33)/t14-,15+,16-,17-,18+,19+,20-,21+,24+,25+,26-/m1/s1	RFDAIACWWDREDC-FRVQLJSFSA-N	1.0	Positive	MSNLIB-POSITIVE	466.316	UPDATE-SINGLE-ANNOTATED-GOLD	Gold		C26H43NO6	RFDAIACWWDREDC-FRVQLJSFSA-N	RFDAIACWWDREDC	Lipids and lipid-like molecules	Steroids and steroid derivatives	Bile acids, alcohols and derivatives	Steroids	Cholane steroids	Terpenoids	mzspec:GNPS:GNPS-LIBRARY:CCMSLIB00012282092
150	3	467.364624023438	1	467.364624023438	0.0	806.1616666666665	3	0	1-1A01.mzML	4																																														
151	10	476.312774658203	1	476.3127746582031	0.0	448.8375	4	6	1-1A01.mzML,bkgrnd-marine-broth.mzML	8	CCMSLIB00012284422	151.0	specs_ms.mgf	MSNLIB-POSITIVE.mgf	0.726818	34683.7	446.589	3950.75	5.0	1.88925	476.312	1.0	temp/specs_ms.mgf151	1.0	MRS-1191	ESI	Orbitrap	Crude	Tomas Pluskal	Corinna Brungs	[M+H]+	478.201	477.194	1.0			CCOC(=O)C1=C(C)NC(c2ccccc2)=C(C(=O)OCc2ccccc2)C1C#Cc1ccccc1	InChI=1S/C31H27NO4/c1-3-35-30(33)27-22(2)32-29(25-17-11-6-12-18-25)28(26(27)20-19-23-13-7-4-8-14-23)31(34)36-21-24-15-9-5-10-16-24/h4-18,26,32H,3,21H2,1-2H3	SNVFDPHQAOXWJZ-UHFFFAOYSA-N	1.0	Positive	MSNLIB-POSITIVE	478.201	UPDATE-SINGLE-ANNOTATED-GOLD	Gold		C24H25NO4	SNVFDPHQAOXWJZ-UHFFFAOYSA-N	SNVFDPHQAOXWJZ	Phenylpropanoids and polyketides	Cinnamic acids and derivatives	Cinnamic acid esters				mzspec:GNPS:GNPS-LIBRARY:CCMSLIB00012284422
152	6	477.33945719401066	1	477.33945719401066	0.0	619.0003333333333	4	2	1-1A01.mzML,bkgrnd-marine-broth.mzML	11																																														
153	12	483.256856282552	1	483.256856282552	0.0	728.0015833333333	6	6	1-1A01.mzML,bkgrnd-marine-broth.mzML	-1																																														
154	4	483.29736328125	1	483.29736328125	0.0	445.6407499999999	4	0	1-1A01.mzML	44	CCMSLIB00012364213	154.0	specs_ms.mgf	MSNLIB-NEGATIVE.mgf	0.787753	18920.7	444.354	294.656	5.0	0.142365	483.297	1.0	temp/specs_ms.mgf154	1.0	3-(4-chlorophenyl)-N-[2-(5-methoxy-1H-indol-3-yl)ethyl]-4-(1H-tetrazol-1-yl)butanamide	ESI	Orbitrap	Crude	Tomas Pluskal	Corinna Brungs	[M+FA]-	483.155	438.157	1.0			COc1cc2c(cc1)[nH]cc2CCNC(=O)CC(Cn1cnnn1)c1ccc(Cl)cc1	InChI=1S/C22H23ClN6O2/c1-31-19-6-7-21-20(11-19)16(12-25-21)8-9-24-22(30)10-17(13-29-14-26-27-28-29)15-2-4-18(23)5-3-15/h2-7,11-12,14,17,25H,8-10,13H2,1H3,(H,24,30)	NGCLBWFRNYUGLC-UHFFFAOYSA-N	1.0	Negative	MSNLIB-NEGATIVE	483.155	UPDATE-SINGLE-ANNOTATED-GOLD	Gold		C22H23ClN6O2	NGCLBWFRNYUGLC-UHFFFAOYSA-N	NGCLBWFRNYUGLC	Organoheterocyclic compounds	Indoles and derivatives	Indoles	Histidine alkaloids	Imidazole alkaloids	Alkaloids	mzspec:GNPS:GNPS-LIBRARY:CCMSLIB00012364213
155	12	484.3917490641274	1	484.39174906412745	0.0	802.1443333333334	6	6	1-1A01.mzML,bkgrnd-marine-broth.mzML	4																																														
156	6	488.2404073079429	1	488.2404073079429	0.0	413.64699999999993	0	6	bkgrnd-marine-broth.mzML	7																																														
157	12	491.3763020833335	1	491.3763020833335	0.0	812.5079166666668	6	6	1-1A01.mzML,bkgrnd-marine-broth.mzML	11																																														
158	9	495.476874457465	1	495.476874457465	0.0	19.38711111111111	0	9	bkgrnd-marine-broth.mzML	-1																																														
159	9	495.476874457465	1	495.476874457465	0.0	19.39027777777778	0	9	bkgrnd-marine-broth.mzML	-1																																														
160	2	498.2962799072265	1	498.2962799072265	0.0	597.086	1	1	1-1A01.mzML,bkgrnd-marine-broth.mzML	15																																														
161	2	498.295522054036	1	498.295522054036	0.0	597.5640000000001	0	2	bkgrnd-marine-broth.mzML	15	CCMSLIB00005464700	161.0	specs_ms.mgf	BILELIB19.mgf	0.754026	12054.6	597.988	15.1275	15.0	0.00753784	498.296	1.0	temp/specs_ms.mgf161	1.0	"""2-((4R)-4-((3R,5R,7R,8R,9S,10S,12S,13R,17R)-3,7,12-trihydroxy-10,13-dimethylhexadecahydro-1H-cyclopenta[a]phenanthren-17-yl)pentanamido)ethane-1-sulfonic acid"""	ESI	qTof	crude	Dorrestein	Emily Gentry	M-H2O+H	498.288	515.292	1.0			C[C@@H]([C@H]1CC[C@]2([H])[C@]1(C)[C@@H](O)C[C@@]3([H])[C@@]2([H])[C@H](O)C[C@]4([H])[C@]3(C)CC[C@@H](O)C4)CCC(NCCS(=O)(O)=O)=O	"""InChI=1S/C26H45NO7S/c1-15(4-7-23(31)27-10-11-35(32,33)34)18-5-6-19-24-20(14-22(30)26(18,19)3)25(2)9-8-17(28)12-16(25)13-21(24)29/h15-22,24,28-30H,4-14H2,1-3H3,(H,27,31)(H,32,33,34)/t15-,16-,17-,18-,19+,20+,21-,22+,24+,25+,26-/m1/s1"""		1.0	Positive	BILELIB19	498.288	UPDATE-SINGLE-ANNOTATED-GOLD	Gold		C26H45NO7S	WBWWGRHZICKQGZ-FETCCXJJSA-N	WBWWGRHZICKQGZ	Lipids and lipid-like molecules	Steroids and steroid derivatives	Bile acids, alcohols and derivatives	Steroids	Cholane steroids	Terpenoids	mzspec:GNPS:GNPS-LIBRARY:CCMSLIB00005464700
162	6	499.23629760742193	1	499.23629760742193	0.0	729.2936666666666	6	0	1-1A01.mzML	-1																																														
163	6	511.25713094075496	1	511.25713094075496	0.0	200.92600000000004	6	0	1-1A01.mzML	7																																														
164	4	511.292541503906	1	511.292541503906	0.0	431.57175	0	4	bkgrnd-marine-broth.mzML	7																																														
165	6	517.2470703125	1	517.2470703125	0.0	572.5773333333334	6	0	1-1A01.mzML	11																																														
166	11	520.3393277254975	1	520.3393277254974	0.0	452.9946363636364	6	5	1-1A01.mzML,bkgrnd-marine-broth.mzML	8																																														
167	3	522.224914550781	1	522.224914550781	0.0	428.886	0	3	bkgrnd-marine-broth.mzML	7																																														
168	12	526.4026997884115	1	526.4026997884115	0.0	880.7710000000002	6	6	1-1A01.mzML,bkgrnd-marine-broth.mzML	10																																														
169	2	527.287231445313	1	527.287231445313	0.0	398.21100000000007	0	2	bkgrnd-marine-broth.mzML	-1																																														
170	2	527.323791503906	1	527.323791503906	0.0	449.406	2	0	1-1A01.mzML	-1																																														
171	12	528.4187927246094	1	528.4187927246094	0.0	796.68925	6	6	1-1A01.mzML,bkgrnd-marine-broth.mzML	4																																														
172	6	533.333262125651	1	533.333262125651	0.0	596.6383333333332	3	3	1-1A01.mzML,bkgrnd-marine-broth.mzML	15																																														
173	3	533.333482530382	1	533.333482530382	0.0	596.8760000000001	2	1	1-1A01.mzML,bkgrnd-marine-broth.mzML	15																																														
174	2	533.373718261719	1	533.373718261719	0.0	798.994	2	0	1-1A01.mzML	5																																														
175	11	534.3619884144173	1	534.3619884144172	0.0	552.8668181818181	5	6	1-1A01.mzML,bkgrnd-marine-broth.mzML	11																																														
176	10	535.4031005859375	1	535.4031005859375	0.0	805.9526	6	4	1-1A01.mzML,bkgrnd-marine-broth.mzML	11																																														
177	6	553.305094401042	1	553.305094401042	0.0	422.2576666666666	6	0	1-1A01.mzML	7																																														
178	3	557.2996826171876	1	557.2996826171876	0.0	424.327	2	1	1-1A01.mzML,bkgrnd-marine-broth.mzML	18																																														
179	3	557.2996826171876	1	557.2996826171876	0.0	424.519	2	1	1-1A01.mzML,bkgrnd-marine-broth.mzML	18																																														
180	2	562.29443359375	1	562.29443359375	0.0	456.556	2	0	1-1A01.mzML	8																																														
181	10	564.365576171875	1	564.365576171875	0.0	456.2218	4	6	1-1A01.mzML,bkgrnd-marine-broth.mzML	8																																														
182	6	568.279296875	1	568.279296875	0.0	196.5455	6	0	1-1A01.mzML	7																																														
183	3	569.300272623698	1	569.300272623698	0.0	404.2340000000001	3	0	1-1A01.mzML	-1																																														
184	3	569.300272623698	1	569.300272623698	0.0	404.426	3	0	1-1A01.mzML	7																																														
185	2	569.3221130371095	1	569.3221130371095	0.0	455.2965	1	1	1-1A01.mzML,bkgrnd-marine-broth.mzML	5																																														
186	2	569.3221130371095	1	569.3221130371095	0.0	455.4885	1	1	1-1A01.mzML,bkgrnd-marine-broth.mzML	5																																														
187	12	570.4288431803385	1	570.4288431803385	0.0	872.678	6	6	1-1A01.mzML,bkgrnd-marine-broth.mzML	10	CCMSLIB00004715668	187.0	specs_ms.mgf	MONA.mgf	0.712949	20233.3	872.979	2183.47	5.0	1.2428	570.429	1.0	temp/specs_ms.mgf187	1.0	5-methoxy-3-methyl-4-[(2S,3R,4S,5S,6R)-3,4,5-trihydroxy-6-[[(2R,3R,4S,5S,6R)-3,4,5-trihydroxy-6-(hydroxymethyl)oxan-2-yl]oxymethyl]oxan-2-yl]oxy-3H-benzo[f][2]benzofuran-1-one		ESI-QFT	isolated	MoNA	MoNA:VF-NPL-QEHF024605	[M+H]+	569.186	0.0	1.0			COc1cccc2cc3c(c(O[C@@H]4O[C@H](CO[C@@H]5O[C@H](CO)[C@@H](O)[C@H](O)[C@H]5O)[C@@H](O)[C@H](O)[C@H]4O)c12)C(C)OC3=O	InChI=1S/C26H32O14/c1-9-15-11(24(34)37-9)6-10-4-3-5-12(35-2)16(10)23(15)40-26-22(33)20(31)18(29)14(39-26)8-36-25-21(32)19(30)17(28)13(7-27)38-25/h3-6,9,13-14,17-22,25-33H,7-8H2,1-2H3/t9?,13-,14-,17-,18-,19+,20+,21-,22-,25-,26+/m1/s1		3.0	positive	MONA	569.186	UPDATE-SINGLE-ANNOTATED-BRONZE	Bronze		C26H32O14	PAEOIXITAYMQRF-BYSCJPLWSA-N	PAEOIXITAYMQRF	Organic oxygen compounds	Organooxygen compounds	Carbohydrates and carbohydrate conjugates	Naphthalenes	Naphthalenes and derivatives	Polyketides	mzspec:GNPS:GNPS-LIBRARY:CCMSLIB00004715668
188	6	571.262288411458	1	571.262288411458	0.0	417.412	6	0	1-1A01.mzML	7																																														
189	12	572.4459025065104	1	572.4459025065104	0.0	790.7871666666667	6	6	1-1A01.mzML,bkgrnd-marine-broth.mzML	4																																														
190	3	573.294514973958	1	573.294514973958	0.0	414.304	3	0	1-1A01.mzML	-1																																														
191	3	573.294514973958	1	573.294514973958	0.0	414.496	3	0	1-1A01.mzML	7																																														
192	2	577.268432617188	1	577.268432617188	0.0	426.891	2	0	1-1A01.mzML	7																																														
193	2	577.400797526042	1	577.400797526042	0.0	795.626	2	0	1-1A01.mzML	5																																														
194	6	579.429646809896	1	579.429646809896	0.0	800.0899999999999	6	0	1-1A01.mzML	11																																														
195	3	584.30995686849	1	584.30995686849	0.0	415.2296666666667	0	3	bkgrnd-marine-broth.mzML	7																																														
196	2	584.30995686849	1	584.30995686849	0.0	417.4635	0	2	bkgrnd-marine-broth.mzML	7																																														
197	6	585.274943033854	1	585.274943033854	0.0	744.3363333333333	6	0	1-1A01.mzML	11																																														
198	4	585.295532226563	1	585.295532226563	0.0	435.3760000000001	4	0	1-1A01.mzML	-1																																														
199	3	586.325286865234	1	586.325286865234	0.0	432.63	0	3	bkgrnd-marine-broth.mzML	7																																														
200	3	602.285176595052	1	602.285176595052	0.0	409.694	3	0	1-1A01.mzML	-1																																														
201	3	602.285176595052	1	602.285176595052	0.0	409.886	3	0	1-1A01.mzML	-1																																														
202	2	603.284240722656	1	603.284240722656	0.0	607.115	2	0	1-1A01.mzML	11																																														
203	12	608.3923543294271	1	608.3923543294271	0.0	459.264	6	6	1-1A01.mzML,bkgrnd-marine-broth.mzML	8	CCMSLIB00004698563	203.0	specs_ms.mgf	MONA.mgf	0.740762	20822.3	457.091	1726.51	6.0	1.04858	608.392	1.0	temp/specs_ms.mgf203	1.0	dehydroxynocardamine		ESI-QFT	isolated	MoNA	MoNA:VF-NPL-QEHF007500	[M+Na]+	607.343	0.0	1.0			O=C1CCC(O)=NCCCCCN=C(O)CCC(O)=NCCCCCN(O)C(=O)CCC(O)=NCCCCCN1O	InChI=1S/C27H48N6O8/c34-22-10-11-23(35)29-18-6-2-8-20-32(40)27(39)15-13-25(37)31-19-7-3-9-21-33(41)26(38)14-12-24(36)30-17-5-1-4-16-28-22/h40-41H,1-21H2,(H,28,34)(H,29,35)(H,30,36)(H,31,37)		3.0	positive	MONA	607.343	UPDATE-SINGLE-ANNOTATED-BRONZE	Bronze		C27H48N6O8	ABHHIGWFFMCQOC-UHFFFAOYSA-N	ABHHIGWFFMCQOC						Alkaloids	mzspec:GNPS:GNPS-LIBRARY:CCMSLIB00004698563
204	2	612.341369628906	1	612.341369628906	0.0	437.1449999999999	0	2	bkgrnd-marine-broth.mzML	7																																														
205	2	612.341369628906	1	612.341369628906	0.0	439.529	0	2	bkgrnd-marine-broth.mzML	32																																														
206	4	614.357238769531	1	614.357238769531	0.0	442.917	0	4	bkgrnd-marine-broth.mzML	32																																														
207	12	614.456288655599	1	614.4562886555989	0.0	865.9185000000001	6	6	1-1A01.mzML,bkgrnd-marine-broth.mzML	10																																														
208	12	616.4721476236981	1	616.4721476236982	0.0	784.6921666666666	6	6	1-1A01.mzML,bkgrnd-marine-broth.mzML	4																																														
209	6	618.3311258951826	1	618.3311258951826	0.0	405.82150000000007	3	3	1-1A01.mzML,bkgrnd-marine-broth.mzML	-1																																														
210	6	618.3311258951826	1	618.3311258951826	0.0	406.0135	3	3	1-1A01.mzML,bkgrnd-marine-broth.mzML	7																																														
211	6	619.3166707356769	1	619.3166707356769	0.0	455.78899999999993	6	0	1-1A01.mzML	7																																														
212	2	621.427714029948	1	621.427714029948	0.0	788.3170000000001	2	0	1-1A01.mzML	5																																														
213	2	623.4560546875	1	623.4560546875	0.0	792.779	2	0	1-1A01.mzML	11																																														
214	6	625.5599568684901	1	625.5599568684901	0.0	17.151722222222222	6	0	1-1A01.mzML	-1	CCMSLIB00006678144	214.0	specs_ms.mgf	GNPS-LIBRARY.mgf	0.722508	18011.5	1029.01	14.2453	11.0	0.00891113	625.56	1.0	temp/specs_ms.mgf214	1.0	OL (32:0)	LC-ESI	Orbitrap	Other	S Ding	Su Ding	M+H	625.551	0.0	1.0						3.0	Positive	GNPS-LIBRARY	625.551	UPDATE-SINGLE-ANNOTATED-BRONZE	Bronze											mzspec:GNPS:GNPS-LIBRARY:CCMSLIB00006678144
215	2	648.306182861328	1	648.306182861328	0.0	432.705	2	0	1-1A01.mzML	-1																																														
216	2	648.306182861328	1	648.306182861328	0.0	432.897	2	0	1-1A01.mzML	7																																														
217	5	652.4196533203128	1	652.4196533203128	0.0	461.5181999999999	4	1	1-1A01.mzML,bkgrnd-marine-broth.mzML	8																																														
218	4	654.353271484375	1	654.353271484375	0.0	425.83449999999993	4	0	1-1A01.mzML	-1																																														
219	12	658.4825439453124	1	658.4825439453124	0.0	859.9668333333334	6	6	1-1A01.mzML,bkgrnd-marine-broth.mzML	10																																														
220	10	660.499169921875	1	660.4991699218751	0.0	780.2551	6	4	1-1A01.mzML,bkgrnd-marine-broth.mzML	4																																														
221	2	671.312072753906	1	671.312072753906	0.0	781.4420000000001	2	0	1-1A01.mzML	11																																														
222	7	696.4456176757814	1	696.4456176757814	0.0	463.5881428571428	4	3	1-1A01.mzML,bkgrnd-marine-broth.mzML	8																																														
223	6	704.5263468424481	1	704.5263468424481	0.0	774.3658333333332	6	0	1-1A01.mzML	4																																														
224	3	736.3702189127602	1	736.3702189127602	0.0	400.70266666666674	3	0	1-1A01.mzML	7																																														
225	6	740.4722900390624	1	740.4722900390624	0.0	465.6253333333333	4	2	1-1A01.mzML,bkgrnd-marine-broth.mzML	8																																														
226	6	748.553181966146	1	748.553181966146	0.0	770.9736666666668	6	0	1-1A01.mzML	4																																														
227	3	756.3587443033852	1	756.3587443033852	0.0	402.7480000000001	0	3	bkgrnd-marine-broth.mzML	-1																																														
228	3	766.382446289063	1	766.382446289063	0.0	400.7286666666667	3	0	1-1A01.mzML	7																																														
229	3	783.443644205729	1	783.443644205729	0.0	405.9203333333333	0	3	bkgrnd-marine-broth.mzML	-1																																														
230	2	783.443644205729	1	783.443644205729	0.0	405.175	0	2	bkgrnd-marine-broth.mzML	7																																														
231	5	784.4987426757813	1	784.4987426757813	0.0	467.8864	4	1	1-1A01.mzML,bkgrnd-marine-broth.mzML	8																																														
232	2	792.579895019531	1	792.579895019531	0.0	767.525	2	0	1-1A01.mzML	4																																														
233	3	817.5949096679688	1	817.5949096679688	0.0	619.635	2	1	1-1A01.mzML,bkgrnd-marine-broth.mzML	-1	CCMSLIB00005435982	233.0	specs_ms.mgf	GNPS-LIBRARY.mgf	0.737599	13120.1	618.437	16.1251	9.0	0.0131836	817.595	1.0	temp/specs_ms.mgf233	1.0	Cholic acid	LC-ESI	qTof	Commercial	Uwe Karst	Robin Schmid	2M+H	817.582	408.288	1.0	81-25-4	 	[H][C@@]12C[C@H](O)CC[C@]1(C)[C@@]1([H])C[C@H](O)[C@]3(C)[C@]([H])(CC[C@@]3([H])[C@]1([H])[C@H](O)C2)[C@H](C)CCC(O)=O	InChI=1S/C24H40O5/c1-13(4-7-21(28)29)16-5-6-17-22-18(12-20(27)24(16,17)3)23(2)9-8-15(25)10-14(23)11-19(22)26/h13-20,22,25-27H,4-12H2,1-3H3,(H,28,29)/t13-,14+,15-,16-,17+,18+,19-,20+,22+,23+,24-/m1/s1	BHQCQFFYRZLCQQ-OELDTZBJSA-N	3.0	Positive	GNPS-LIBRARY	817.582	UPDATE-SINGLE-ANNOTATED-BRONZE	Bronze		C24H40O5	BHQCQFFYRZLCQQ-OELDTZBJSA-N	BHQCQFFYRZLCQQ	Lipids and lipid-like molecules	Steroids and steroid derivatives	Bile acids, alcohols and derivatives	Steroids	Cholane steroids	Terpenoids	mzspec:GNPS:GNPS-LIBRARY:CCMSLIB00005435982
234	2	835.44081624349	1	835.44081624349	0.0	425.9295	2	0	1-1A01.mzML	9																																														
235	3	835.4408162434898	1	835.4408162434898	0.0	426.99533333333335	3	0	1-1A01.mzML	7																																														
236	2	879.478373209635	1	879.478373209635	0.0	404.722	2	0	1-1A01.mzML	-1																																														
237	2	931.638397216797	1	931.638397216797	0.0	553.7435	1	1	1-1A01.mzML,bkgrnd-marine-broth.mzML	-1	CCMSLIB00005464875	237.0	specs_ms.mgf	BILELIB19.mgf	0.70087	15366.6	553.983	14.8063	11.0	0.0137939	931.639	1.0	temp/specs_ms.mgf237	1.0	"""((R)-4-((3R,5S,7S,8R,9S,10S,12S,13R,14S,17R)-3,7,12-trihydroxy-10,13-dimethylhexadecahydro-1H-cyclopenta[a]phenanthren-17-yl)pentanoyl)glycine"""	ESI	qTof	crude	Dorrestein	Emily Gentry	2M+H	931.625	465.309	1.0			C[C@@H]([C@H]1CC[C@]2([H])[C@]1(C)[C@@H](O)C[C@@]3([H])[C@@]2([H])[C@@H](O)C[C@@]4([H])[C@]3(C)CC[C@@H](O)C4)CCC(NCC(O)=O)=O	"""InChI=1S/C26H43NO6/c1-14(4-7-22(31)27-13-23(32)33)17-5-6-18-24-19(12-21(30)26(17,18)3)25(2)9-8-16(28)10-15(25)11-20(24)29/h14-21,24,28-30H,4-13H2,1-3H3,(H,27,31)(H,32,33)/t14-,15+,16-,17-,18+,19+,20+,21+,24+,25+,26-/m1/s1"""		1.0	Positive	BILELIB19	931.625	UPDATE-SINGLE-ANNOTATED-GOLD	Gold		C26H43NO6	RFDAIACWWDREDC-IFZPJRIXSA-N	RFDAIACWWDREDC	Lipids and lipid-like molecules	Steroids and steroid derivatives	Bile acids, alcohols and derivatives	Steroids	Cholane steroids	Terpenoids	mzspec:GNPS:GNPS-LIBRARY:CCMSLIB00005464875
238	2	936.488983154297	1	936.488983154297	0.0	427.9325	2	0	1-1A01.mzML	9																																														
239	2	936.488983154297	1	936.488983154297	0.0	428.125	2	0	1-1A01.mzML	7																																														
240	2	947.457214355469	1	947.457214355469	0.0	441.0125	0	2	bkgrnd-marine-broth.mzML	-1																																														
241	2	1105.584289550781	1	1105.584289550781	0.0	407.179	0	2	bkgrnd-marine-broth.mzML	-1																																														
242	2	1149.564208984375	1	1149.564208984375	0.0	419.5435	0	2	bkgrnd-marine-broth.mzML	-1																																														
243	2	1149.564208984375	1	1149.564208984375	0.0	419.7365	0	2	bkgrnd-marine-broth.mzML	-1																																														
244	2	1200.565185546875	1	1200.565185546875	0.0	450.7455	0	2	bkgrnd-marine-broth.mzML	33																																														
245	2	1216.558837890625	1	1216.558837890625	0.0	448.5515	0	2	bkgrnd-marine-broth.mzML	33																																														
